Uniprot.ID	Gene.Name	Unique.Peptides	Protein.Header	All.Peptides	Protein.Sequence
A0A024R1R8	TMA7B	SSHEGGK;EMDEEEK	>sp|A0A024R1R8|TMA7B_HUMAN Translation machinery-associated protein 7B OS=Homo sapiens OX=9606 GN=TMA7B PE=3 SV=1	SSHEGGK;EMDEEEK;GPLATGGIK	MSSHEGGKKKALKQPKKQAKEMDEEEKAFKQKQKEEQKKLEVLKAKVVGKGPLATGGIKKSGKK
A0A024RBG1	NUDT4B		>sp|A0A024RBG1|NUD4B_HUMAN Diphosphoinositol polyphosphate phosphohydrolase NUDT4B OS=Homo sapiens OX=9606 GN=NUDT4B PE=3 SV=1	AACLCFR;SEQEDEVLLVSSSR;YPDQWIVPGGGMEPEEEPGGAAVR;EVYEEAGVK;LLGIFEQNQDR;TYVYVLTVTEILEDWEDSVNIGR;PVHAEYLEK;LGCSPANGNSTVPSLPDNNALFVTAAQTSGLPSSVR	MMKFKPNQTRTYDREGFKKRAACLCFRSEQEDEVLLVSSSRYPDQWIVPGGGMEPEEEPGGAAVREVYEEAGVKGKLGRLLGIFEQNQDRKHRTYVYVLTVTEILEDWEDSVNIGRKREWFKVEDAIKVLQCHKPVHAEYLEKLKLGCSPANGNSTVPSLPDNNALFVTAAQTSGLPSSVR
A0A075B6H7	IGKV3-7	EAPAQLLFLLLLWLPDTTR;EIVMTQSPPTLSLSPGER;ASQSVSSSYLTWYQQK;ATSIPAR	>sp|A0A075B6H7|KV37_HUMAN Probable non-functional immunoglobulin kappa variable 3-7 OS=Homo sapiens OX=9606 GN=IGKV3-7 PE=1 SV=1	EAPAQLLFLLLLWLPDTTR;EIVMTQSPPTLSLSPGER;ASQSVSSSYLTWYQQK;LLIYGASTR;ATSIPAR;FSGSGSGTDFTLTISSLQPEDFAVYYCQQDYNLP	MEAPAQLLFLLLLWLPDTTREIVMTQSPPTLSLSPGERVTLSCRASQSVSSSYLTWYQQKPGQAPRLLIYGASTRATSIPARFSGSGSGTDFTLTISSLQPEDFAVYYCQQDYNLP
A0A075B6H8	IGKV1D-42	VPAQLLGLLLLWLPGVR;FDIQMTQSPSFLSASVGDR;VSIICWASEGISSNLAWYLQK;LFLYDAK;DLHPGVSSR;GSGTDFTLTIISLK;PEDFAAYYCK	>sp|A0A075B6H8|KVD42_HUMAN Probable non-functional immunoglobulin kappa variable 1D-42 OS=Homo sapiens OX=9606 GN=IGKV1D-42 PE=1 SV=6	VPAQLLGLLLLWLPGVR;FDIQMTQSPSFLSASVGDR;VSIICWASEGISSNLAWYLQK;LFLYDAK;DLHPGVSSR;GSGTDFTLTIISLK;PEDFAAYYCK	MDMRVPAQLLGLLLLWLPGVRFDIQMTQSPSFLSASVGDRVSIICWASEGISSNLAWYLQKPGKSPKLFLYDAKDLHPGVSSRFSGRGSGTDFTLTIISLKPEDFAAYYCKQDFSYP
A0A075B6H9	IGLV4-69	AWTPLLFLTLLLHCTGSLSQLVLTQSPSASASLGASVK;LTCTLSSGHSSYAIAWHQQQPEK;LNSDGSHSK;FSGSSSGAER;YLTISSLQSEDEADYYCQTWGTGI	>sp|A0A075B6H9|LV469_HUMAN Immunoglobulin lambda variable 4-69 OS=Homo sapiens OX=9606 GN=IGLV4-69 PE=1 SV=1	AWTPLLFLTLLLHCTGSLSQLVLTQSPSASASLGASVK;LTCTLSSGHSSYAIAWHQQQPEK;LNSDGSHSK;GDGIPDR;FSGSSSGAER;YLTISSLQSEDEADYYCQTWGTGI	MAWTPLLFLTLLLHCTGSLSQLVLTQSPSASASLGASVKLTCTLSSGHSSYAIAWHQQQPEKGPRYLMKLNSDGSHSKGDGIPDRFSGSSSGAERYLTISSLQSEDEADYYCQTWGTGI
A0A075B6I0	IGLV8-61	TLIYSTNTR;SSGVPDR;FSGSILGNK;AALTITGAQADDESDYYCVLYMGSGI	>sp|A0A075B6I0|LV861_HUMAN Immunoglobulin lambda variable 8-61 OS=Homo sapiens OX=9606 GN=IGLV8-61 PE=3 SV=7	TLIYSTNTR;SSGVPDR;FSGSILGNK;AALTITGAQADDESDYYCVLYMGSGI	MSVPTMAWMMLLLGLLAYGSGVDSQTVVTQEPSFSVSPGGTVTLTCGLSSGSVSTSYYPSWYQQTPGQAPRTLIYSTNTRSSGVPDRFSGSILGNKAALTITGAQADDESDYYCVLYMGSGI
A0A075B6I1	IGLV4-60	AWTPLLLLFPLLLHCTGSLSQPVLTQSSSASASLGSSVK;LTCTLSSGHSSYIIAWHQQQPGK;LEGSGSYNK;GSGVPDR;FSGSSSGADR;YLTISNLQFEDEADYYCETWDSNT	>sp|A0A075B6I1|LV460_HUMAN Immunoglobulin lambda variable 4-60 OS=Homo sapiens OX=9606 GN=IGLV4-60 PE=3 SV=1	AWTPLLLLFPLLLHCTGSLSQPVLTQSSSASASLGSSVK;LTCTLSSGHSSYIIAWHQQQPGK;LEGSGSYNK;GSGVPDR;FSGSSSGADR;YLTISNLQFEDEADYYCETWDSNT	MAWTPLLLLFPLLLHCTGSLSQPVLTQSSSASASLGSSVKLTCTLSSGHSSYIIAWHQQQPGKAPRYLMKLEGSGSYNKGSGVPDRFSGSSSGADRYLTISNLQFEDEADYYCETWDSNT
A0A075B6I3	IGLV11-55	ALTPLLLLLLSHCTGSLSR;PVLTQPPSLSASPGATAR;LPCTLSSDLSVGGK;NMFWYQQK;LFLYHYSDSDK;QLGPGVPSR;ETSSNTAFLLISGLQPEDEADYYCQVYESSAN	>sp|A0A075B6I3|LVK55_HUMAN Probable non-functional immunoglobulin lambda variable 11-55 OS=Homo sapiens OX=9606 GN=IGLV11-55 PE=1 SV=3	ALTPLLLLLLSHCTGSLSR;PVLTQPPSLSASPGATAR;LPCTLSSDLSVGGK;NMFWYQQK;LFLYHYSDSDK;QLGPGVPSR;ETSSNTAFLLISGLQPEDEADYYCQVYESSAN	MALTPLLLLLLSHCTGSLSRPVLTQPPSLSASPGATARLPCTLSSDLSVGGKNMFWYQQKLGSSPRLFLYHYSDSDKQLGPGVPSRVSGSKETSSNTAFLLISGLQPEDEADYYCQVYESSAN
A0A075B6I4	IGLV10-54	PWALLLLTLLTHSAVSVVQAGLTQPPSVSK;QTATLTCTGNSNIVGNQGAAWLQQHQGHPPK;PSGISER;SGNTASLTITGLQPEDEADYYCSALDSSLSA	>sp|A0A075B6I4|LVX54_HUMAN Immunoglobulin lambda variable 10-54 OS=Homo sapiens OX=9606 GN=IGLV10-54 PE=3 SV=1	PWALLLLTLLTHSAVSVVQAGLTQPPSVSK;QTATLTCTGNSNIVGNQGAAWLQQHQGHPPK;PSGISER;SGNTASLTITGLQPEDEADYYCSALDSSLSA	MPWALLLLTLLTHSAVSVVQAGLTQPPSVSKGLRQTATLTCTGNSNIVGNQGAAWLQQHQGHPPKLLSYRNNNRPSGISERFSASRSGNTASLTITGLQPEDEADYYCSALDSSLSA
A0A075B6I6	IGLV1-50	AWSSLLLTLLAHCTGSWAQSVLTQPPSVSGAPGQR;VTISCTGSSSNIGAGYVVHWYQQLPGTAPK;PSGVPDQFSGSK;SGTSASLAITGLQSEDEADYYCK;AWDNSLNA	>sp|A0A075B6I6|LV150_HUMAN Probable non-functional immunoglobulin lambda variable 1-50 OS=Homo sapiens OX=9606 GN=IGLV1-50 PE=1 SV=1	AWSSLLLTLLAHCTGSWAQSVLTQPPSVSGAPGQR;VTISCTGSSSNIGAGYVVHWYQQLPGTAPK;LLIYGNSNR;PSGVPDQFSGSK;SGTSASLAITGLQSEDEADYYCK;AWDNSLNA	MAWSSLLLTLLAHCTGSWAQSVLTQPPSVSGAPGQRVTISCTGSSSNIGAGYVVHWYQQLPGTAPKLLIYGNSNRPSGVPDQFSGSKSGTSASLAITGLQSEDEADYYCKAWDNSLNA
A0A075B6I7	IGLV5-48	AWTPLLLLFLSHCTGSLSQAVLTQPTSLSASPGASAR;SGISVGSYR;YLLNYYSDSDK;HQGSGVPSR;DASTNAGILFISGL	>sp|A0A075B6I7|LV548_HUMAN Probable non-functional immunoglobulin lambda variable 5-48 OS=Homo sapiens OX=9606 GN=IGLV5-48 PE=1 SV=2	AWTPLLLLFLSHCTGSLSQAVLTQPTSLSASPGASAR;SGISVGSYR;IYWYQQK;YLLNYYSDSDK;HQGSGVPSR;DASTNAGILFISGL	MAWTPLLLLFLSHCTGSLSQAVLTQPTSLSASPGASARLTCTLRSGISVGSYRIYWYQQKPGSPPRYLLNYYSDSDKHQGSGVPSRFSGSKDASTNAGILFISGL
A0A075B6I9	IGLV7-46	TLIYDTSNK;AALTLLGAQPEDEAEYYCLLSYSGAR	>sp|A0A075B6I9|LV746_HUMAN Immunoglobulin lambda variable 7-46 OS=Homo sapiens OX=9606 GN=IGLV7-46 PE=3 SV=4	TLIYDTSNK;HSWTPAR;FSGSLLGGK;AALTLLGAQPEDEAEYYCLLSYSGAR	MAWTPLFLFLLTCCPGSNSQAVVTQEPSLTVSPGGTVTLTCGSSTGAVTSGHYPYWFQQKPGQAPRTLIYDTSNKHSWTPARFSGSLLGGKAALTLLGAQPEDEAEYYCLLSYSGAR
A0A075B6J1	IGLV5-37	AWTPLLLLLLSHCTGSLSQPVLTQPPSSSASPGESAR;LTCTLPSDINVGSYNIYWYQQK;YLLYYYSDSDK;DASANTGILLISGLQSEDEADYYCMIWPSNAS	>sp|A0A075B6J1|LV537_HUMAN Immunoglobulin lambda variable 5-37 OS=Homo sapiens OX=9606 GN=IGLV5-37 PE=3 SV=1	AWTPLLLLLLSHCTGSLSQPVLTQPPSSSASPGESAR;LTCTLPSDINVGSYNIYWYQQK;YLLYYYSDSDK;GQGSGVPSR;DASANTGILLISGLQSEDEADYYCMIWPSNAS	MAWTPLLLLLLSHCTGSLSQPVLTQPPSSSASPGESARLTCTLPSDINVGSYNIYWYQQKPGSPPRYLLYYYSDSDKGQGSGVPSRFSGSKDASANTGILLISGLQSEDEADYYCMIWPSNAS
A0A075B6J2	IGLV2-33	LLIYNVNTR;PSGISDLFSGSK;SGNMASLTISGLK;SEVEANYHCSLYSSSYTF	>sp|A0A075B6J2|LV233_HUMAN Probable non-functional immunoglobulin lambda variable 2-33 OS=Homo sapiens OX=9606 GN=IGLV2-33 PE=1 SV=2	LLIYNVNTR;PSGISDLFSGSK;SGNMASLTISGLK;SEVEANYHCSLYSSSYTF	MAWALLLLTLLTQGTGSWAQSALTQPPFVSGAPGQSVTISCTGTSSDVGDYDHVFWYQKRLSTTSRLLIYNVNTRPSGISDLFSGSKSGNMASLTISGLKSEVEANYHCSLYSSSYTF
A0A075B6J6	IGLV3-22	AWATLLLPLLNLYTGSVASYELTQLPSVSVSPGQTAR;ITCSGDVLGENYADWYQQK;PGQAPELVIYEDSER;YPGIPER;FSGSTSGNTTTLTISR;VLTEDEADYYCLSGDEDNPS	>sp|A0A075B6J6|LV322_HUMAN Immunoglobulin lambda variable 3-22 OS=Homo sapiens OX=9606 GN=IGLV3-22 PE=3 SV=1	AWATLLLPLLNLYTGSVASYELTQLPSVSVSPGQTAR;ITCSGDVLGENYADWYQQK;PGQAPELVIYEDSER;YPGIPER;FSGSTSGNTTTLTISR;VLTEDEADYYCLSGDEDNPS	MAWATLLLPLLNLYTGSVASYELTQLPSVSVSPGQTARITCSGDVLGENYADWYQQKPGQAPELVIYEDSERYPGIPERFSGSTSGNTTTLTISRVLTEDEADYYCLSGDEDNPS
A0A075B6J9	IGLV2-18	VSWYQQPPGTAPK;SGNTASLTISGLQAEDEADYYCSLYTSSSTF	>sp|A0A075B6J9|LV218_HUMAN Immunoglobulin lambda variable 2-18 OS=Homo sapiens OX=9606 GN=IGLV2-18 PE=3 SV=2	VSWYQQPPGTAPK;LMIYEVSNR;PSGVPDR;SGNTASLTISGLQAEDEADYYCSLYTSSSTF	MAWALLLLTLLTQGTGSWAQSALTQPPSVSGSPGQSVTISCTGTSSDVGSYNRVSWYQQPPGTAPKLMIYEVSNRPSGVPDRFSGSKSGNTASLTISGLQAEDEADYYCSLYTSSSTF
A0A075B6K0	IGLV3-16	AWIPLLLPLLTLCTGSEASYELTQPPSVSVSLGQMAR;ITCSGEALPK;PGQFPVLVIYK;FSGSSSGTIVTLTISGVQAEDEADYYCLSADSSGTY	>sp|A0A075B6K0|LV316_HUMAN Immunoglobulin lambda variable 3-16 OS=Homo sapiens OX=9606 GN=IGLV3-16 PE=3 SV=2	AWIPLLLPLLTLCTGSEASYELTQPPSVSVSLGQMAR;ITCSGEALPK;YAYWYQQK;PGQFPVLVIYK;PSGIPER;FSGSSSGTIVTLTISGVQAEDEADYYCLSADSSGTY	MAWIPLLLPLLTLCTGSEASYELTQPPSVSVSLGQMARITCSGEALPKKYAYWYQQKPGQFPVLVIYKDSERPSGIPERFSGSSSGTIVTLTISGVQAEDEADYYCLSADSSGTY
A0A075B6K2	IGLV3-12	AWTPLLLSLLAHCTGSATSYELTQPHSVSVATAQMAR;AVHWYQQK;PGQDPVLVIYSDSNR;FSGSNPGNTATLTISR;IEAGDEADYYCQVWDSSSDH	>sp|A0A075B6K2|LV312_HUMAN Immunoglobulin lambda variable 3-12 OS=Homo sapiens OX=9606 GN=IGLV3-12 PE=3 SV=2	AWTPLLLSLLAHCTGSATSYELTQPHSVSVATAQMAR;ITCGGNNIGSK;AVHWYQQK;PGQDPVLVIYSDSNR;PSGIPER;FSGSNPGNTATLTISR;IEAGDEADYYCQVWDSSSDH	MAWTPLLLSLLAHCTGSATSYELTQPHSVSVATAQMARITCGGNNIGSKAVHWYQQKPGQDPVLVIYSDSNRPSGIPERFSGSNPGNTATLTISRIEAGDEADYYCQVWDSSSDH
A0A075B6K4	IGLV3-10	AWTPLLLPLLTFCTVSEASYELTQPPSVSVSPGQTAR;SGQAPVLVIYEDSK;FSGSSSGTMATLTISGAQVEDEADYYCYSTDSSGNH	>sp|A0A075B6K4|LV310_HUMAN Immunoglobulin lambda variable 3-10 OS=Homo sapiens OX=9606 GN=IGLV3-10 PE=3 SV=2	AWTPLLLPLLTFCTVSEASYELTQPPSVSVSPGQTAR;ITCSGDALPK;YAYWYQQK;SGQAPVLVIYEDSK;PSGIPER;FSGSSSGTMATLTISGAQVEDEADYYCYSTDSSGNH	MAWTPLLLPLLTFCTVSEASYELTQPPSVSVSPGQTARITCSGDALPKKYAYWYQQKSGQAPVLVIYEDSKRPSGIPERFSGSSSGTMATLTISGAQVEDEADYYCYSTDSSGNH
A0A075B6K5	IGLV3-9	AWTALLLSLLAHFTGSVASYELTQPLSVSVALGQTAR;NVHWYQQK;PGQAPVLVIYR;AQAGDEADYYCQVWDSSTAH	>sp|A0A075B6K5|LV39_HUMAN Immunoglobulin lambda variable 3-9 OS=Homo sapiens OX=9606 GN=IGLV3-9 PE=3 SV=1	AWTALLLSLLAHFTGSVASYELTQPLSVSVALGQTAR;ITCGGNNIGSK;NVHWYQQK;PGQAPVLVIYR;PSGIPER;FSGSNSGNTATLTISR;AQAGDEADYYCQVWDSSTAH	MAWTALLLSLLAHFTGSVASYELTQPLSVSVALGQTARITCGGNNIGSKNVHWYQQKPGQAPVLVIYRDSNRPSGIPERFSGSNSGNTATLTISRAQAGDEADYYCQVWDSSTAH
A0A075B6K6	IGLV4-3	AWVSFYLLPFIFSTGLCALPVLTQPPSASALLGASIK;LTCTLSSEHSTYTIEWYQQR;SPQYIMK;SDGSHSK;FMGSSSGADR;YLTFSNLQSDDEAEYHCGESHTIDGQVG	>sp|A0A075B6K6|LV403_HUMAN Immunoglobulin lambda variable 4-3 OS=Homo sapiens OX=9606 GN=IGLV4-3 PE=3 SV=1	AWVSFYLLPFIFSTGLCALPVLTQPPSASALLGASIK;LTCTLSSEHSTYTIEWYQQR;SPQYIMK;SDGSHSK;GDGIPDR;FMGSSSGADR;YLTFSNLQSDDEAEYHCGESHTIDGQVG	MAWVSFYLLPFIFSTGLCALPVLTQPPSASALLGASIKLTCTLSSEHSTYTIEWYQQRPGRSPQYIMKVKSDGSHSKGDGIPDRFMGSSSGADRYLTFSNLQSDDEAEYHCGESHTIDGQVG
A0A075B6L2	TRGV11	PLVVAVIFFSLWVFALGQLEQPEISISR;SAHISWK;ASIQGFSSK;IIHWYWQK;GLEYLLHVFLTISAQDCSGGK;NAHTSTSTLK;EDEVVYHCACWIR	>sp|A0A075B6L2|TVG11_HUMAN Probable non-functional T cell receptor gamma variable 11 OS=Homo sapiens OX=9606 GN=TRGV11 PE=1 SV=2	PLVVAVIFFSLWVFALGQLEQPEISISR;SAHISWK;ASIQGFSSK;IIHWYWQK;GLEYLLHVFLTISAQDCSGGK;NAHTSTSTLK;EDEVVYHCACWIR	MPLVVAVIFFSLWVFALGQLEQPEISISRPANKSAHISWKASIQGFSSKIIHWYWQKPNKGLEYLLHVFLTISAQDCSGGKTKKLEVSKNAHTSTSTLKIKFLEKEDEVVYHCACWIRH
A0A075B6L6	TRBV7-3	LLCWAALCLLGADHTGAGVSQTPSNK;QSLGQGPEFLIYFQGTGAADDSGLPK;TEQGDSAAYLR	>sp|A0A075B6L6|TVB73_HUMAN Probable non-functional T cell receptor beta variable 7-3 OS=Homo sapiens OX=9606 GN=TRBV7-3 PE=1 SV=7	LLCWAALCLLGADHTGAGVSQTPSNK;CDPISGHTALYWYR;QSLGQGPEFLIYFQGTGAADDSGLPK;PEGSVSTLK;TEQGDSAAYLR	MGTRLLCWAALCLLGADHTGAGVSQTPSNKVTEKGKDVELRCDPISGHTALYWYRQSLGQGPEFLIYFQGTGAADDSGLPKDRFFAVRPEGSVSTLKIQRTEQGDSAAYLRASSL
A0A075B6N1	TRBV19	NPTAFYLCASSI	>sp|A0A075B6N1|TVB19_HUMAN T cell receptor beta variable 19 OS=Homo sapiens OX=9606 GN=TRBV19 PE=1 SV=2	SNQVLCCVVLCLLGANTVDGGITQSPK;EGQNVTLSCEQNLNHDAMYWYR;QDPGQGLR;LIYYSQIVNDFQK;GDIAEGYSVSR;ESFPLTVTSAQK;NPTAFYLCASSI	MSNQVLCCVVLCLLGANTVDGGITQSPKYLFRKEGQNVTLSCEQNLNHDAMYWYRQDPGQGLRLIYYSQIVNDFQKGDIAEGYSVSREKKESFPLTVTSAQKNPTAFYLCASSI
A0A075B6N2	TRBV20-1	LLLLLLLGPGSGLGAVVSQHPSR;SLDFQATTMFWYR;QSLMLMATSNEGSK;ATYEQGVEK;FLINHASLTLSTLTVTSAHPEDSSFYICSAR	>sp|A0A075B6N2|TVBT1_HUMAN T cell receptor beta variable 20-1 OS=Homo sapiens OX=9606 GN=TRBV20-1 PE=3 SV=1	LLLLLLLGPGSGLGAVVSQHPSR;SLDFQATTMFWYR;QSLMLMATSNEGSK;ATYEQGVEK;FLINHASLTLSTLTVTSAHPEDSSFYICSAR	MLLLLLLLGPGSGLGAVVSQHPSRVICKSGTSVKIECRSLDFQATTMFWYRQFPKQSLMLMATSNEGSKATYEQGVEKDKFLINHASLTLSTLTVTSAHPEDSSFYICSAR
A0A075B6N3	TRBV24-1	ASLLFFCGAFYLLGTGSMDADVTQTPR;IMLECSQTK;QDPGLGLQLIYYSFDVK;GEISDGYSVSR;FSLSLESAIPNQTALYFCATSDL	>sp|A0A075B6N3|TVBX1_HUMAN T cell receptor beta variable 24-1 OS=Homo sapiens OX=9606 GN=TRBV24-1 PE=3 SV=1	ASLLFFCGAFYLLGTGSMDADVTQTPR;IMLECSQTK;QDPGLGLQLIYYSFDVK;GEISDGYSVSR;FSLSLESAIPNQTALYFCATSDL	MASLLFFCGAFYLLGTGSMDADVTQTPRNRITKTGKRIMLECSQTKGHDRMYWYRQDPGLGLQLIYYSFDVKDINKGEISDGYSVSRQAQAKFSLSLESAIPNQTALYFCATSDL
A0A075B6N4	TRBV25-1	LLCYVGFYFLGAGLMEADIYQTPR;PSHTSQYLCASSE	>sp|A0A075B6N4|TVBY1_HUMAN T cell receptor beta variable 25-1 OS=Homo sapiens OX=9606 GN=TRBV25-1 PE=3 SV=1	LLCYVGFYFLGAGLMEADIYQTPR;YLVIGTGK;ITLECSQTMGHDK;MYWYQQDPGMELHLIHYSYGVNSTEK;GDLSSESTVSR;TEHFPLTLESAR;PSHTSQYLCASSE	MTIRLLCYVGFYFLGAGLMEADIYQTPRYLVIGTGKKITLECSQTMGHDKMYWYQQDPGMELHLIHYSYGVNSTEKGDLSSESTVSRIRTEHFPLTLESARPSHTSQYLCASSE
A0A075B6P5	IGKV2-28		>sp|A0A075B6P5|KV228_HUMAN Immunoglobulin kappa variable 2-28 OS=Homo sapiens OX=9606 GN=IGKV2-28 PE=3 SV=1	LPAQLLGLLMLWVSGSSGDIVMTQSPLSLPVTPGEPASISCR;SSQSLLHSNGYNYLDWYLQK;PGQSPQLLIYLGSNR;ASGVPDR;FSGSGSGTDFTLK;VEAEDVGVYYCMQALQTP	MRLPAQLLGLLMLWVSGSSGDIVMTQSPLSLPVTPGEPASISCRSSQSLLHSNGYNYLDWYLQKPGQSPQLLIYLGSNRASGVPDRFSGSGSGTDFTLKISRVEAEDVGVYYCMQALQTP
A0A075B6Q5	IGHV3-64	MEFGLSWVFLVAIFK;GVQCEVQLVESGEGLVQPGGSLR;NTLYLQMGSLR;AEDMAVYYCAR	>sp|A0A075B6Q5|HV364_HUMAN Immunoglobulin heavy variable 3-64 OS=Homo sapiens OX=9606 GN=IGHV3-64 PE=3 SV=1	MEFGLSWVFLVAIFK;GVQCEVQLVESGEGLVQPGGSLR;LSCAASGFTFSSYAMHWVR;GLEYVSAISSNGGSTYYADSVK;NTLYLQMGSLR;AEDMAVYYCAR	MMEFGLSWVFLVAIFKGVQCEVQLVESGEGLVQPGGSLRLSCAASGFTFSSYAMHWVRQAPGKGLEYVSAISSNGGSTYYADSVKGRFTISRDNSKNTLYLQMGSLRAEDMAVYYCAR
A0A075B6R0	TRGV2	QTGSSAEITCDLAEGSNGYIHWYLHQEGK;LQYYDSYNSK;VVLESGVSPGK;YYTYASTR;NLIENDFGVYYCATWDG	>sp|A0A075B6R0|TRGV2_HUMAN T cell receptor gamma variable 2 OS=Homo sapiens OX=9606 GN=TRGV2 PE=1 SV=1	QWALAVLLAFLSPASQK;SSNLEGR;QTGSSAEITCDLAEGSNGYIHWYLHQEGK;LQYYDSYNSK;VVLESGVSPGK;YYTYASTR;NLIENDFGVYYCATWDG	MQWALAVLLAFLSPASQKSSNLEGRTKSVIRQTGSSAEITCDLAEGSNGYIHWYLHQEGKAPQRLQYYDSYNSKVVLESGVSPGKYYTYASTRNNLRLILRNLIENDFGVYYCATWDG
A0A075B6R2	IGHV4-4	PSGTLSLTCAVSGGSISSSNWWSWVR;GLEWIGEIYHSGSTNYNPSLK;VTISVDK	>sp|A0A075B6R2|HV404_HUMAN Immunoglobulin heavy variable 4-4 OS=Homo sapiens OX=9606 GN=IGHV4-4 PE=3 SV=2	HLWFFLLLVAAPR;WVLSQVQLQESGPGLVK;PSGTLSLTCAVSGGSISSSNWWSWVR;GLEWIGEIYHSGSTNYNPSLK;VTISVDK;LSSVTAADTAVYYCAR	MKHLWFFLLLVAAPRWVLSQVQLQESGPGLVKPSGTLSLTCAVSGGSISSSNWWSWVRQPPGKGLEWIGEIYHSGSTNYNPSLKSRVTISVDKSKNQFSLKLSSVTAADTAVYYCAR
A0A075B6R9	IGKV2D-24	LLAQLLGLLMLWVPGSSGDIVMTQTPLSSPVTLGQPASISFR;VEAEDVGVYYCTQATQFP	>sp|A0A075B6R9|KVD24_HUMAN Probable non-functional immunoglobulin kappa variable 2D-24 OS=Homo sapiens OX=9606 GN=IGKV2D-24 PE=1 SV=1	LLAQLLGLLMLWVPGSSGDIVMTQTPLSSPVTLGQPASISFR;SSQSLVHSDGNTYLSWLQQR;FSGVPDR;FSGSGAGTDFTLK;VEAEDVGVYYCTQATQFP	MRLLAQLLGLLMLWVPGSSGDIVMTQTPLSSPVTLGQPASISFRSSQSLVHSDGNTYLSWLQQRPGQPPRLLIYKVSNRFSGVPDRFSGSGAGTDFTLKISRVEAEDVGVYYCTQATQFP
A0A075B6S0	TRGJ1	LFGSGTTLVVT	>sp|A0A075B6S0|TRGJ1_HUMAN T cell receptor gamma joining 1 OS=Homo sapiens OX=9606 GN=TRGJ1 PE=1 SV=2	LFGSGTTLVVT	NYYKKLFGSGTTLVVT
A0A075B6S2	IGKV2D-29	PGQPPQLLIYEVSNR;VEAEDVGVYYCMQSIQLP	>sp|A0A075B6S2|KVD29_HUMAN Immunoglobulin kappa variable 2D-29 OS=Homo sapiens OX=9606 GN=IGKV2D-29 PE=3 SV=1	LPAQLLGLLMLWIPGSSADIVMTQTPLSLSVTPGQPASISCK;SSQSLLHSDGK;TYLYWYLQK;PGQPPQLLIYEVSNR;FSGVPDR;FSGSGSGTDFTLK;VEAEDVGVYYCMQSIQLP	MRLPAQLLGLLMLWIPGSSADIVMTQTPLSLSVTPGQPASISCKSSQSLLHSDGKTYLYWYLQKPGQPPQLLIYEVSNRFSGVPDRFSGSGSGTDFTLKISRVEAEDVGVYYCMQSIQLP
A0A075B6S4	IGKV1D-17	CNIQMTQSPSAMSASVGDR;QGISNYLAWFQQK;HLIYAASSLQSGVPSR	>sp|A0A075B6S4|KVD17_HUMAN Immunoglobulin kappa variable 1D-17 OS=Homo sapiens OX=9606 GN=IGKV1D-17 PE=3 SV=1	VPAQLLGLLLLWFPGAR;CNIQMTQSPSAMSASVGDR;QGISNYLAWFQQK;HLIYAASSLQSGVPSR;FSGSGSGTEFTLTISSLQPEDFATYYCLQHNSYP	MDMRVPAQLLGLLLLWFPGARCNIQMTQSPSAMSASVGDRVTITCRARQGISNYLAWFQQKPGKVPKHLIYAASSLQSGVPSRFSGSGSGTEFTLTISSLQPEDFATYYCLQHNSYP
A0A075B6S5	IGKV1-27	VPAQLLGLLLLWLPDTR;ASQGISNYLAWYQQK;FSGSGSGTDFTLTISSLQPEDVATYYCQK	>sp|A0A075B6S5|KV127_HUMAN Immunoglobulin kappa variable 1-27 OS=Homo sapiens OX=9606 GN=IGKV1-27 PE=3 SV=1	VPAQLLGLLLLWLPDTR;CDIQMTQSPSSLSASVGDR;ASQGISNYLAWYQQK;LLIYAASTLQSGVPSR;FSGSGSGTDFTLTISSLQPEDVATYYCQK	MDMRVPAQLLGLLLLWLPDTRCDIQMTQSPSSLSASVGDRVTITCRASQGISNYLAWYQQKPGKVPKLLIYAASTLQSGVPSRFSGSGSGTDFTLTISSLQPEDVATYYCQKYNSAP
A0A075B6S6	IGKV2D-30	VSNWDSGVPDR	>sp|A0A075B6S6|KVD30_HUMAN Immunoglobulin kappa variable 2D-30 OS=Homo sapiens OX=9606 GN=IGKV2D-30 PE=3 SV=1	LPAQLLGLLMLWVPGSSGDVVMTQSPLSLPVTLGQPASISCR;SSQSLVYSDGNTYLNWFQQR;VSNWDSGVPDR;FSGSGSGTDFTLK;VEAEDVGVYYCMQGTHWP	MRLPAQLLGLLMLWVPGSSGDVVMTQSPLSLPVTLGQPASISCRSSQSLVYSDGNTYLNWFQQRPGQSPRRLIYKVSNWDSGVPDRFSGSGSGTDFTLKISRVEAEDVGVYYCMQGTHWP
A0A075B6S9	IGKV1-37		>sp|A0A075B6S9|KV137_HUMAN Probable non-functional immunoglobulinn kappa variable 1-37 OS=Homo sapiens OX=9606 GN=IGKV1-37 PE=1 SV=7	VPAQLLGLLLLWVPGAR;CDIQLTQSPSSLSASVGDR;VSQGISSYLNWYR;LLIYSASNLQSGVPSR;FSGSGSGTDFTLTISSLQPEDVATYYGQR	MDMRVPAQLLGLLLLWVPGARCDIQLTQSPSSLSASVGDRVTITCRVSQGISSYLNWYRQKPGKVPKLLIYSASNLQSGVPSRFSGSGSGTDFTLTISSLQPEDVATYYGQRTYNAP
A0A075B6T6	TRAV12-2	EVEQNSGPLSVPEGAIASLNCTYSDR;GSQSFFWYR;SPELIMFIYSNGDK;FTAQLNK;ASQYVSLLIR;DSQPSDSATYLCAVN	>sp|A0A075B6T6|TVAL2_HUMAN T cell receptor alpha variable 12-2 OS=Homo sapiens OX=9606 GN=TRAV12-2 PE=1 SV=1	VLLVILWLQLSWVWSQQK;EVEQNSGPLSVPEGAIASLNCTYSDR;GSQSFFWYR;SPELIMFIYSNGDK;FTAQLNK;ASQYVSLLIR;DSQPSDSATYLCAVN	MKSLRVLLVILWLQLSWVWSQQKEVEQNSGPLSVPEGAIASLNCTYSDRGSQSFFWYRQYSGKSPELIMFIYSNGDKEDGRFTAQLNKASQYVSLLIRDSQPSDSATYLCAVN
A0A075B6T7	TRAV6	SLGLHFR;MESFLGGVLLILWLQVDWVK;IEQNSEALNIQEGK;TATLTCNYTNYSPAYLQWYR;GPVFLLLIR;VTFDTTLK;QSLFHITASQPADSATYLCALD	>sp|A0A075B6T7|TVA6_HUMAN T cell receptor alpha variable 6 OS=Homo sapiens OX=9606 GN=TRAV6 PE=3 SV=2	SLGLHFR;MESFLGGVLLILWLQVDWVK;IEQNSEALNIQEGK;TATLTCNYTNYSPAYLQWYR;GPVFLLLIR;VTFDTTLK;QSLFHITASQPADSATYLCALD	MAFWLRSLGLHFRPHLGRRMESFLGGVLLILWLQVDWVKSQKIEQNSEALNIQEGKTATLTCNYTNYSPAYLQWYRQDPGRGPVFLLLIRENEKEKRKERLKVTFDTTLKQSLFHITASQPADSATYLCALD
A0A075B6T8	TRAV9-1	GFEAMYR;DSVQESDSAVYFCALS	>sp|A0A075B6T8|TVA91_HUMAN T cell receptor alpha variable 9-1 OS=Homo sapiens OX=9606 GN=TRAV9-1 PE=3 SV=1	GFEAMYR;ETTSFHLEK;DSVQESDSAVYFCALS	MNSSPGPAIALFLMFGGINGDSVVQTEGQVLPSEGDSLIVNCSYETTQYPSLFWYVQYPGEGPQLHLKAMKANDKGRNKGFEAMYRKETTSFHLEKDSVQESDSAVYFCALS
A0A075B6U4	TRAV7	PVLIIFCLCLGWANGENQVEHSPHFLGPQQGDVASMSCTYSVSR;FNNLQWYR;QNTGMGPK;HLLSMYSAGYEK;LNATLLK;NGSSLYITAVQPEDSATYFCAVD	>sp|A0A075B6U4|TVA7_HUMAN T cell receptor alpha variable 7 OS=Homo sapiens OX=9606 GN=TRAV7 PE=3 SV=1	PVLIIFCLCLGWANGENQVEHSPHFLGPQQGDVASMSCTYSVSR;FNNLQWYR;QNTGMGPK;HLLSMYSAGYEK;LNATLLK;NGSSLYITAVQPEDSATYFCAVD	MEKMRRPVLIIFCLCLGWANGENQVEHSPHFLGPQQGDVASMSCTYSVSRFNNLQWYRQNTGMGPKHLLSMYSAGYEKQKGRLNATLLKNGSSLYITAVQPEDSATYFCAVD
A0A075B6V5	TRAV36DV7	CPQALLAIFWLLLSWVSSEDK;VVQSPLSLVVHEGDTVTLNCSYEVTNFR;APTFLFMLTSSGIEK;LSSILDK;ELFSILNITATQTGDSAIYLCAVE	>sp|A0A075B6V5|TVA36_HUMAN T cell receptor alpha variable 36/delta variable 7 OS=Homo sapiens OX=9606 GN=TRAV36DV7 PE=3 SV=1	CPQALLAIFWLLLSWVSSEDK;VVQSPLSLVVHEGDTVTLNCSYEVTNFR;APTFLFMLTSSGIEK;LSSILDK;ELFSILNITATQTGDSAIYLCAVE	MMKCPQALLAIFWLLLSWVSSEDKVVQSPLSLVVHEGDTVTLNCSYEVTNFRSLLWYKQEKKAPTFLFMLTSSGIEKKSGRLSSILDKKELFSILNITATQTGDSAIYLCAVE
A0A075B6W5	TRAV23DV6	ILGASFLVLWLQLCWVSGQQK;SDQQQVK;QSPQSLIVQK;GGISIINCAYENTAFDYFPWYQQFPGK;GPALLIAIR;FTISFNK;QFSSHIMDSQPGDSATYFCAAS	>sp|A0A075B6W5|TVA23_HUMAN T cell receptor alpha variable 23/delta variable 6 OS=Homo sapiens OX=9606 GN=TRAV23DV6 PE=3 SV=1	ILGASFLVLWLQLCWVSGQQK;SDQQQVK;QSPQSLIVQK;GGISIINCAYENTAFDYFPWYQQFPGK;GPALLIAIR;FTISFNK;QFSSHIMDSQPGDSATYFCAAS	MDKILGASFLVLWLQLCWVSGQQKEKSDQQQVKQSPQSLIVQKGGISIINCAYENTAFDYFPWYQQFPGKGPALLIAIRPDVSEKKEGRFTISFNKSAKQFSSHIMDSQPGDSATYFCAAS
A0A075B6X5	TRAV18	LSASCSGLVILLIFR;TSGDSVTQTEGPVTLPER;AALTLNCTYQSSYSTFLFWYVQYLNK;EPELLLK;SSENQETDSR;GFQASPIK;SDSSFHLEK;PSVQLSDSAVYYCALR	>sp|A0A075B6X5|TVA18_HUMAN T cell receptor alpha variable 18 OS=Homo sapiens OX=9606 GN=TRAV18 PE=3 SV=1	LSASCSGLVILLIFR;TSGDSVTQTEGPVTLPER;AALTLNCTYQSSYSTFLFWYVQYLNK;EPELLLK;SSENQETDSR;GFQASPIK;SDSSFHLEK;PSVQLSDSAVYYCALR	MLSASCSGLVILLIFRRTSGDSVTQTEGPVTLPERAALTLNCTYQSSYSTFLFWYVQYLNKEPELLLKSSENQETDSRGFQASPIKSDSSFHLEKPSVQLSDSAVYYCALR
A0A075B6Y3	TRAJ3	GYSSASK;IIFGSGTR	>sp|A0A075B6Y3|TJA3_HUMAN T cell receptor alpha joining 3 OS=Homo sapiens OX=9606 GN=TRAJ3 PE=4 SV=2	GYSSASK;IIFGSGTR	GYSSASKIIFGSGTRLSIRP
A0A075B6Y9	TRAJ42	YGGSQGNLIFGK	>sp|A0A075B6Y9|TJA42_HUMAN T cell receptor alpha joining 42 OS=Homo sapiens OX=9606 GN=TRAJ42 PE=4 SV=2	YGGSQGNLIFGK	YGGSQGNLIFGKGTKLSVKP
A0A075B700	TRAJ31		>sp|A0A075B700|TJA31_HUMAN T cell receptor alpha joining 31 OS=Homo sapiens OX=9606 GN=TRAJ31 PE=4 SV=2	LMFGDGTQLVVK	NNNARLMFGDGTQLVVKP
A0A075B706	TRDJ1		>sp|A0A075B706|TRDJ1_HUMAN T cell receptor delta joining 1 OS=Homo sapiens OX=9606 GN=TRDJ1 PE=1 SV=2		TDKLIFGKGTRVTVEP
A0A075B734	AQP7B	IQEIWCEEDER;TYGSYLGVNLGFGFGVTMGVHVAGR;ISGAHMNAAVTFTNCALGR;GFLNEEWLTR;MLQLCLFTITDQENNPALPGTHALVISILVVIIR;VSHGINTGYAINPSR;DPPPSIFTFIAGWGK;QVFSDGENWWWVPVVAPLLGASLGGIIYLVFIGSTIPR;MGSHEPMISPLTLISVSLANR;SSVHSAPPLHESMALEHF	>sp|A0A075B734|AQP7B_HUMAN Aquaporin-7B OS=Homo sapiens OX=9606 GN=AQP7B PE=3 SV=1	VQASGHR;MVSWSVIAK;IQEIWCEEDER;EFLAEFMSTYVMMVFGLGSVAHMVLNK;TYGSYLGVNLGFGFGVTMGVHVAGR;ISGAHMNAAVTFTNCALGR;GFLNEEWLTR;MLQLCLFTITDQENNPALPGTHALVISILVVIIR;VSHGINTGYAINPSR;DPPPSIFTFIAGWGK;QVFSDGENWWWVPVVAPLLGASLGGIIYLVFIGSTIPR;LEDSVAYEDHGITVLPK;MGSHEPMISPLTLISVSLANR;SSVHSAPPLHESMALEHF	MVQASGHRRSTRGSKMVSWSVIAKIQEIWCEEDERKMVREFLAEFMSTYVMMVFGLGSVAHMVLNKTYGSYLGVNLGFGFGVTMGVHVAGRISGAHMNAAVTFTNCALGRVPWRKFPVHVLGQFLGSFLAAATIYICVSAAAILHFSGGELMVTGPFATAGIFATYLPDHMTLWRGFLNEEWLTRMLQLCLFTITDQENNPALPGTHALVISILVVIIRVSHGINTGYAINPSRDPPPSIFTFIAGWGKQVFSDGENWWWVPVVAPLLGASLGGIIYLVFIGSTIPREPLKLEDSVAYEDHGITVLPKMGSHEPMISPLTLISVSLANRSSVHSAPPLHESMALEHF
A0A075B759	PPIAL4E		>sp|A0A075B759|PAL4E_HUMAN Peptidyl-prolyl cis-trans isomerase A-like 4E OS=Homo sapiens OX=9606 GN=PPIAL4E PE=3 SV=1	VNSVVFFEITR;ALSTGEK;IIPGFMCQGGDFTR;PNGTGDK;FDDENLIR;HTGSGILSMANAGPNTNGSQFFICAAK;TEWLDGK;VNIVEAMEHFGYR;ITIADCGQF	MVNSVVFFEITRDGKPLGRISIKLFADKIPKTAENFRALSTGEKGFRYKGSCFHRIIPGFMCQGGDFTRPNGTGDKSIYGEKFDDENLIRKHTGSGILSMANAGPNTNGSQFFICAAKTEWLDGKHVAFGKVKERVNIVEAMEHFGYRNSKTSKKITIADCGQF
A0A075B767	PPIAL4H	PNGTDDK;HTGSGILSMVNAGPNTNGSQLFICTAK	>sp|A0A075B767|PAL4H_HUMAN Peptidyl-prolyl cis-trans isomerase A-like 4H OS=Homo sapiens OX=9606 GN=PPIAL4H PE=3 SV=1	VNSVVFFDITVDGK;ALSTGEK;IIPGFMCQGGDFTR;PNGTDDK;FDDENLIR;HTGSGILSMVNAGPNTNGSQLFICTAK;TEWLDGK;VNIVEAMEHFGYR;ITIADCGQF	MVNSVVFFDITVDGKPLGRISIKLFADKIPKTAENFRALSTGEKGFRYKGSCFHRIIPGFMCQGGDFTRPNGTDDKSIYGEKFDDENLIRKHTGSGILSMVNAGPNTNGSQLFICTAKTEWLDGKHVAFGKVKERVNIVEAMEHFGYRNSKTSKKITIADCGQF
A0A087WSX0	IGLV5-45	PGSPPQYLLR;DASANAGILLISGLQSEDEADYYCMIWHSSAS	>sp|A0A087WSX0|LV545_HUMAN Immunoglobulin lambda variable 5-45 OS=Homo sapiens OX=9606 GN=IGLV5-45 PE=3 SV=1	IYWYQQK;PGSPPQYLLR;QQGSGVPSR;DASANAGILLISGLQSEDEADYYCMIWHSSAS	MAWTPLLLLFLSHCTGSLSQAVLTQPSSLSASPGASASLTCTLCSGINVGTYRIYWYQQKPGSPPQYLLRYKSDSDKQQGSGVPSRFSGSKDASANAGILLISGLQSEDEADYYCMIWHSSAS
A0A087WSY4	IGHV4-30-2	WVLSQLQLQESGSGLVK;PSQTLSLTCAVSGGSISSGGYSWSWIR;GLEWIGYIYHSGSTYYNPSLK;VTISVDR	>sp|A0A087WSY4|HV432_HUMAN Immunoglobulin heavy variable 4-30-2 OS=Homo sapiens OX=9606 GN=IGHV4-30-2 PE=3 SV=1	HLWFFLLLVAAPR;WVLSQLQLQESGSGLVK;PSQTLSLTCAVSGGSISSGGYSWSWIR;GLEWIGYIYHSGSTYYNPSLK;VTISVDR;LSSVTAADTAVYYCAR	MKHLWFFLLLVAAPRWVLSQLQLQESGSGLVKPSQTLSLTCAVSGGSISSGGYSWSWIRQPPGKGLEWIGYIYHSGSTYYNPSLKSRVTISVDRSKNQFSLKLSSVTAADTAVYYCAR
A0A087WSY6	IGKV3D-15	LLIYGASIR;FSGSGSGTEFTLTISILQSEDFAVYYCQQYNNWP	>sp|A0A087WSY6|KVD15_HUMAN Immunoglobulin kappa variable 3D-15 OS=Homo sapiens OX=9606 GN=IGKV3D-15 PE=3 SV=6	EAPAQLLFLLLLWLPDTTGEIVMTQSPATLSVSPGER;ASQSVSSNLAWYQQK;LLIYGASIR;ATGIPAR;FSGSGSGTEFTLTISILQSEDFAVYYCQQYNNWP	MEAPAQLLFLLLLWLPDTTGEIVMTQSPATLSVSPGERATLSCRASQSVSSNLAWYQQKPGQAPRLLIYGASIRATGIPARFSGSGSGTEFTLTISILQSEDFAVYYCQQYNNWP
A0A087WSZ0	IGKV1D-8	CAIWMTQSPSLLSASTGDR;MSQGISSYLAWYQQK;APELLIYAASTLQSGVPSR;FSGSGSGTDFTLTISCLQSEDFATYYCQQYYSFP	>sp|A0A087WSZ0|KVD08_HUMAN Immunoglobulin kappa variable 1D-8 OS=Homo sapiens OX=9606 GN=IGKV1D-8 PE=3 SV=6	VPAQLLGLLLLWLPGAR;CAIWMTQSPSLLSASTGDR;MSQGISSYLAWYQQK;APELLIYAASTLQSGVPSR;FSGSGSGTDFTLTISCLQSEDFATYYCQQYYSFP	MDMRVPAQLLGLLLLWLPGARCAIWMTQSPSLLSASTGDRVTISCRMSQGISSYLAWYQQKPGKAPELLIYAASTLQSGVPSRFSGSGSGTDFTLTISCLQSEDFATYYCQQYYSFP
A0A087WSZ9	TRAV30	VLSGTLLWQLTWVR;SQQPVQSPQAVILR;EGEDAVINCSSSK;ALYSVHWYR;HGEAPVFLMILLK;ISASFNEK;QQSSLYLTASQLSYSGTYFCGTE	>sp|A0A087WSZ9|TVA30_HUMAN T cell receptor alpha variable 30 OS=Homo sapiens OX=9606 GN=TRAV30 PE=1 SV=1	VLSGTLLWQLTWVR;SQQPVQSPQAVILR;EGEDAVINCSSSK;ALYSVHWYR;HGEAPVFLMILLK;ISASFNEK;QQSSLYLTASQLSYSGTYFCGTE	METLLKVLSGTLLWQLTWVRSQQPVQSPQAVILREGEDAVINCSSSKALYSVHWYRQKHGEAPVFLMILLKGGEQKGHDKISASFNEKKQQSSLYLTASQLSYSGTYFCGTE
A0A087WT01	TRAV27	DSSLHITAAQTGDTGLYLCAG	>sp|A0A087WT01|TVA27_HUMAN T cell receptor alpha variable 27 OS=Homo sapiens OX=9606 GN=TRAV27 PE=1 SV=1	FSVSILWIQLAWVSTQLLEQSPQFLSIQEGENLTVYCNSSSVFSSLQWYR;QEPGEGPVLLVTVVTGGEVK;LTFQFGDAR;DSSLHITAAQTGDTGLYLCAG	MVLKFSVSILWIQLAWVSTQLLEQSPQFLSIQEGENLTVYCNSSSVFSSLQWYRQEPGEGPVLLVTVVTGGEVKKLKRLTFQFGDARKDSSLHITAAQTGDTGLYLCAG
A0A087WT02	TRAV9-2	NYSPGLVSLILLLLGR;GDSVTQMEGPVTLSEEAFLTINCTYTATGYPSLFWYVQYPGEGLQLLLK;GFEATYR;GSVQVSDSAVYFCALS	>sp|A0A087WT02|TVA92_HUMAN T cell receptor alpha variable 9-2 OS=Homo sapiens OX=9606 GN=TRAV9-2 PE=3 SV=1	NYSPGLVSLILLLLGR;GDSVTQMEGPVTLSEEAFLTINCTYTATGYPSLFWYVQYPGEGLQLLLK;GFEATYR;ETTSFHLEK;GSVQVSDSAVYFCALS	MNYSPGLVSLILLLLGRTRGDSVTQMEGPVTLSEEAFLTINCTYTATGYPSLFWYVQYPGEGLQLLLKATKADDKGSNKGFEATYRKETTSFHLEKGSVQVSDSAVYFCALS
A0A087WT03	TRAV26-1	VTVFLTFGTIIDAK;TTQPTSMDCAEGR;AANLPCNHSTISGNEYVYWYR;QIHSQGPQYIIHGLK;NNETNEMASLIITEDR;SSTLILPHATLR;DTAVYYCIVR	>sp|A0A087WT03|TVAZ1_HUMAN T cell receptor alpha variable 26-1 OS=Homo sapiens OX=9606 GN=TRAV26-1 PE=1 SV=1	VTVFLTFGTIIDAK;TTQPTSMDCAEGR;AANLPCNHSTISGNEYVYWYR;QIHSQGPQYIIHGLK;NNETNEMASLIITEDR;SSTLILPHATLR;DTAVYYCIVR	MRLVARVTVFLTFGTIIDAKTTQPTSMDCAEGRAANLPCNHSTISGNEYVYWYRQIHSQGPQYIIHGLKNNETNEMASLIITEDRKSSTLILPHATLRDTAVYYCIVRV
A0A087WTH1	TMEM265	AVEILGNTEAAHPPSPIR;CLAATSIICGCSCLGVMALVFAIK;LILASFAVWLAVLILGPLLLWLLSYAIAQAE	>sp|A0A087WTH1|TM265_HUMAN Transmembrane protein 265 OS=Homo sapiens OX=9606 GN=TMEM265 PE=3 SV=1	AVEILGNTEAAHPPSPIR;CLAATSIICGCSCLGVMALVFAIK;LILASFAVWLAVLILGPLLLWLLSYAIAQAE	MEDEEKAVEILGNTEAAHPPSPIRCCWLRLRCLAATSIICGCSCLGVMALVFAIKAEERHKAGRSEEAVRWGARARKLILASFAVWLAVLILGPLLLWLLSYAIAQAE
A0A087WTH5	KCNE1B	MILSNTTAVTPFLTK;LEHSNDPFNVYIESNAWQEK	>sp|A0A087WTH5|KCE1B_HUMAN Putative potassium voltage-gated channel subfamily E member 1B OS=Homo sapiens OX=9606 GN=KCNE1B PE=5 SV=2	MILSNTTAVTPFLTK;LWQETVQQGGNMSGLAR;LEALYVLMVLGFFGFFTLGIMLSYIR;LEHSNDPFNVYIESNAWQEK;SCYVVENHLAIEQPNTHLPETK	MPRMILSNTTAVTPFLTKLWQETVQQGGNMSGLARRSPRSGDGKLEALYVLMVLGFFGFFTLGIMLSYIRSKKLEHSNDPFNVYIESNAWQEKDKAYVQARVLESYRSCYVVENHLAIEQPNTHLPETKPSP
A0A087WUL8	NBPF19	VLFHSQER;CYSIPSGYLELPDLGQPYSSAVYSLEEQYLGLALDVDR;ELVEVVEPEVLQDSLDR;SAFYILEQQCVGLAVDMDEIEK;CYSIPSGYLELPDLGQPYSSAVYSLEEQYLGLALDVDR;ELVEVVEPEVLQDSLDR;SAFYILEQQCVGLAIDMDEIEK;CYSIPSGYLELPDLGQPYSSAVYSLEEQYLGLALDVDR;ELVEVVEPEVLQDSLDR;SAFYILEQQCVGLAVDMDEIEK;CYSIPSGYLELPDLGQPYSSAVYSLEEQYLGLALDVDR;ELVEVVEPEVLQDSLDR;SAFYILEQQCVGLAVDMDEIEK;CYSIPSGYLELPDLGQPYSSAVYSLEEQYLGLALDVDR;ELVEVVEPEVLQDSLDR;SAFYILEQQCVGLAVDMDEIEK;CYSIPSGYLELPDLGQPYSSAVYSLEEQYLGLALDVDR;SAFYILEQQCVGLAVDMDEIEK;SAFYILEQQCVGLAVDMDEIEK;SAFYILEQQCVGLAVDMDEIEK;SAFYILEQQCVGLAVDMDEIEK;SAFYILEQQCVGLAVDMDEIEK;SAFYILEQQCVGLAVDMDEIEK;EPEVLQDPLDR;SAFYILEQQCVGLAVDMDEIEK;EPEVLQDPLDR;SAFYILEQQCVGLAVDMDEIEK;EPEVLQDPLDR;LNSVLMEVEEPEVLQDSLDGCYSTPSMYFELPDSFQHYR;SVFYSFEEEHISFALYLDNR;FFTLTVTSLHLVFQMLVIFPQ	>sp|A0A087WUL8|NBPFJ_HUMAN Neuroblastoma breakpoint family member 19 OS=Homo sapiens OX=9606 GN=NBPF19 PE=5 SV=1	VVSAGPWSSEK;AEMNILEINETLR;CFLTQLAGFLANR;VLFHSQER;SLNEHLQALLTPDEPDK;SQGQDLQEQLAEGCR;LAQHLVQK;LSPENDNDDDEDVQVEVAEK;EVPEDSLEECAITYSNSHGPYDSNQPHR;ITFEEDK;VDSTLIGSSSHVEWEDAVHIIPENESDDEEEEEK;EDQEATGPR;GPEVLQDSLDR;CYSTPSGCLELTDSCQPYR;SAFYVLEQQR;VGLAIDMDEIEK;YQEVEEDQDPSCPR;EPEVLQDSLDR;CYSIPSGYLELPDLGQPYSSAVYSLEEQYLGLALDVDR;DQEEEEDQDPPCPR;ELVEVVEPEVLQDSLDR;CYSTPSSCLEQPDSCQPYGSSFYALEEK;HVGFSLDVGEIEK;EGEEDQNPPCPR;GPEVLQDSLDR;CYSTPSGCLELTDSCQPYR;SAFYILEQQCVGLAVDMDEIEK;YQEVEEDQDPSCPR;EPEVLQDSLDR;CYSIPSGYLELPDLGQPYSSAVYSLEEQYLGLALDVDR;DQEEEEDQDPPCPR;ELVEVVEPEVLQDSLDR;CYSTPSSCLEQPDSCQPYGSSFYALEEK;HVGFSLDVGEIEK;EGEEDQNPPCPR;GPEVLQDSLDR;CYSTPSGCLELTDSCQPYR;SAFYILEQQCVGLAIDMDEIEK;YQEVEEDQDPSCPR;EPEVLQDSLDR;CYSIPSGYLELPDLGQPYSSAVYSLEEQYLGLALDVDR;DQEEEEDQDPPCPR;ELVEVVEPEVLQDSLDR;CYSTPSSCLEQPDSCQPYGSSFYALEEK;HVGFSLDVGEIEK;EGEEDQNPPCPR;GPEVLQDSLDR;CYSTPSGCLELTDSCQPYR;SAFYILEQQCVGLAVDMDEIEK;YQEVEEDQDPSCPR;EPEVLQDSLDR;CYSIPSGYLELPDLGQPYSSAVYSLEEQYLGLALDVDR;DQEEEEDQDPPCPR;ELVEVVEPEVLQDSLDR;CYSTPSSCLEQPDSCQPYGSSFYALEEK;HVGFSLDVGEIEK;EGEEDQNPPCPR;GPEVLQDSLDR;CYSTPSGCLELTDSCQPYR;SAFYILEQQCVGLAVDMDEIEK;YQEVEEDQDPSCPR;EPEVLQDSLDR;CYSIPSGYLELPDLGQPYSSAVYSLEEQYLGLALDVDR;DQEEEEDQDPPCPR;ELVEVVEPEVLQDSLDR;CYSTPSSCLEQPDSCQPYGSSFYALEEK;HVGFSLDVGEIEK;EGEEDQNPPCPR;GPEVLQDSLDR;CYSTPSGCLELTDSCQPYR;SAFYILEQQCVGLAVDMDEIEK;YQEVEEDQDPSCPR;EPEVLQDSLDR;CYSIPSGYLELPDLGQPYSSAVYSLEEQYLGLALDVDR;DQEEEEDQDPPCPR;ELLEVVEPEVLQDSLDR;CYSTPSSCLEQPDSCQPYGSSFYALEEK;HVGFSLDVGEIEK;EGEEDQNPPCPR;GPEVLQDSLDR;CYSTPSGCLELTDSCQPYR;SAFYILEQQCVGLAVDMDEIEK;YQEVEEDQDPSCPR;EPEVLQDSLDR;CYSTPSGYLELPDLGQPYSSAVYSLEEQYLGLALDVDR;DQEEEEDQGPPCPR;ELLEVVEPEVLQDSLDR;CYSTPSSCLEQPDSCQPYGSSFYALEEK;HVGFSLDVGEIEK;EGEEDQNPPCPR;GPEVLQDSLDR;CYSTPSGCLELTDSCQPYR;SAFYILEQQCVGLAVDMDEIEK;YQEVEEDQDPSCPR;EPEVLQDSLDR;CYSTPSGYLELPDLGQPYSSAVYSLEEQYLGLALDVDR;DQEEEEDQGPPCPR;ELLEVVEPEVLQDSLDR;CYSTPSSCLEQPDSCQPYGSSFYALEEK;HVGFSLDVGEIEK;EGEEDQNPPCPR;GPEVLQDSLDR;CYSTPSGCLELTDSCQPYR;SAFYILEQQCVGLAVDMDEIEK;YQEVEEDQDPSCPR;EPEVLQDSLDR;CYSTPSGYLELPDLGQPYSSAVYSLEEQYLGLALDVDR;DQEEEEDQGPPCPR;ELLEVVEPEVLQDSLDR;CYSTPSSCLEQPDSCQPYGSSFYALEEK;HVGFSLDVGEIEK;EGEEDQNPPCPR;GPEVLQDSLDR;CYSTPSGCLELTDSCQPYR;SAFYILEQQCVGLAVDMDEIEK;YQEVEEDQDPSCPR;EPEVLQDSLDR;CYSTPSGYLELPDLGQPYSSAVYSLEEQYLGLALDVDR;DQEEEEDQGPPCPR;ELLEVVEPEVLQDSLDR;CYSTPSSCLEQPDSCQPYGSSFYALEEK;HVGFSLDVGEIEK;EGEEDQNPPCPR;GPEVLQDSLDR;CYSTPSGCLELTDSCQPYR;SAFYILEQQCVGLAVDMDEIEK;YQEVEEDQDPSCPR;EPEVLQDSLDR;CYSTPSGYLELPDLGQPYSSAVYSLEEQYLGLALDVDR;DQEEEEDQGPPCPR;ELLEVVEPEVLQDSLDR;CYSTPSSCLEQPDSCQPYGSSFYALEEK;HVGFSLDVGEIEK;EGEEDQNPPCPR;GPEVLQDSLDR;CYSTPSGCLELTDSCQPYR;SAFYILEQQCVGLAVDMDEIEK;YQEVEEDQDPSCPR;EPEVLQDPLDR;CYSTPSGYLELPDLGQPYSSAVYSLEEQYLGLALDVDR;DQEEEEDQGPPCPR;ELLEVVEPEVLQDSLDR;CYSTPSSCLEQPDSCQPYGSSFYALEEK;HVGFSLDVGEIEK;EGEEDQNPPCPR;GPEVLQDSLDR;CYSTPSGCLELTDSCQPYR;SAFYILEQQCVGLAVDMDEIEK;YQEVEEDQDPSCPR;EPEVLQDPLDR;CYSTPSGYLELPDLGQPYSSAVYSLEEQYLGLALDVDR;DQEEEEDQGPPCPR;ELLEVVEPEVLQDSLDR;CYSTPSSCLEQPDSCQPYGSSFYALEEK;HVGFSLDVGEIEK;EGEEDQNPPCPR;GPEVLQDSLDR;CYSTPSGCLELTDSCQPYR;SAFYILEQQCVGLAVDMDEIEK;YQEVEEDQDPSCPR;EPEVLQDPLDR;CYSTPSGYLELPDLGQPYSSAVYSLEEQYLGLALDVDR;DQEEEEDQGPPCPR;ELLEVVEPEVLQDSLDR;CYSTPSSCLEQPDSCQPYGSSFYALEEK;HVGFSLDVGEIEK;EGEEDQNPPCPR;LNSVLMEVEEPEVLQDSLDGCYSTPSMYFELPDSFQHYR;SVFYSFEEEHISFALYLDNR;FFTLTVTSLHLVFQMLVIFPQ	MVVSAGPWSSEKAEMNILEINETLRPQLAEKKQQFRNLKEKCFLTQLAGFLANRQKKYKYEECKDLIKFMLRNERQFKEEKLAEQLKQAEELRQYKVLFHSQERELTQLREKLREGRDASRSLNEHLQALLTPDEPDKSQGQDLQEQLAEGCRLAQHLVQKLSPENDNDDDEDVQVEVAEKVQKSSAPREMQKAEEKEVPEDSLEECAITYSNSHGPYDSNQPHRKTKITFEEDKVDSTLIGSSSHVEWEDAVHIIPENESDDEEEEEKGPVSPRNLQESEEEEVPQESWDEGYSTLSIPPEMLASYQSYSSTFHSLEEQQVCMAVDIGRHRWDQVKKEDQEATGPRLSRELLDEKGPEVLQDSLDRCYSTPSGCLELTDSCQPYRSAFYVLEQQRVGLAIDMDEIEKYQEVEEDQDPSCPRLSRELLDEKEPEVLQDSLDRCYSIPSGYLELPDLGQPYSSAVYSLEEQYLGLALDVDRIKKDQEEEEDQDPPCPRLSRELVEVVEPEVLQDSLDRCYSTPSSCLEQPDSCQPYGSSFYALEEKHVGFSLDVGEIEKKGKGKKRRGRRSKKERRRGRKEGEEDQNPPCPRLSRELLDEKGPEVLQDSLDRCYSTPSGCLELTDSCQPYRSAFYILEQQCVGLAVDMDEIEKYQEVEEDQDPSCPRLSRELLDEKEPEVLQDSLDRCYSIPSGYLELPDLGQPYSSAVYSLEEQYLGLALDVDRIKKDQEEEEDQDPPCPRLSRELVEVVEPEVLQDSLDRCYSTPSSCLEQPDSCQPYGSSFYALEEKHVGFSLDVGEIEKKGKGKKRRGRRSKKERRRGRKEGEEDQNPPCPRLSRELLDEKGPEVLQDSLDRCYSTPSGCLELTDSCQPYRSAFYILEQQCVGLAIDMDEIEKYQEVEEDQDPSCPRLSRELLDEKEPEVLQDSLDRCYSIPSGYLELPDLGQPYSSAVYSLEEQYLGLALDVDRIKKDQEEEEDQDPPCPRLSRELVEVVEPEVLQDSLDRCYSTPSSCLEQPDSCQPYGSSFYALEEKHVGFSLDVGEIEKKGKGKKRRGRRSKKERRRGRKEGEEDQNPPCPRLSRELLDEKGPEVLQDSLDRCYSTPSGCLELTDSCQPYRSAFYILEQQCVGLAVDMDEIEKYQEVEEDQDPSCPRLSRELLDEKEPEVLQDSLDRCYSIPSGYLELPDLGQPYSSAVYSLEEQYLGLALDVDRIKKDQEEEEDQDPPCPRLSRELVEVVEPEVLQDSLDRCYSTPSSCLEQPDSCQPYGSSFYALEEKHVGFSLDVGEIEKKGKGKKRRGRRSKKERRRGRKEGEEDQNPPCPRLSRELLDEKGPEVLQDSLDRCYSTPSGCLELTDSCQPYRSAFYILEQQCVGLAVDMDEIEKYQEVEEDQDPSCPRLSRELLDEKEPEVLQDSLDRCYSIPSGYLELPDLGQPYSSAVYSLEEQYLGLALDVDRIKKDQEEEEDQDPPCPRLSRELVEVVEPEVLQDSLDRCYSTPSSCLEQPDSCQPYGSSFYALEEKHVGFSLDVGEIEKKGKGKKRRGRRSKKERRRGRKEGEEDQNPPCPRLSRELLDEKGPEVLQDSLDRCYSTPSGCLELTDSCQPYRSAFYILEQQCVGLAVDMDEIEKYQEVEEDQDPSCPRLSRELLDEKEPEVLQDSLDRCYSIPSGYLELPDLGQPYSSAVYSLEEQYLGLALDVDRIKKDQEEEEDQDPPCPRLSRELLEVVEPEVLQDSLDRCYSTPSSCLEQPDSCQPYGSSFYALEEKHVGFSLDVGEIEKKGKGKKRRGRRSKKERRRGRKEGEEDQNPPCPRLSRELLDEKGPEVLQDSLDRCYSTPSGCLELTDSCQPYRSAFYILEQQCVGLAVDMDEIEKYQEVEEDQDPSCPRLSRELLDEKEPEVLQDSLDRCYSTPSGYLELPDLGQPYSSAVYSLEEQYLGLALDVDRIKKDQEEEEDQGPPCPRLSRELLEVVEPEVLQDSLDRCYSTPSSCLEQPDSCQPYGSSFYALEEKHVGFSLDVGEIEKKGKGKKRRGRRSKKERRRGRKEGEEDQNPPCPRLSRELLDEKGPEVLQDSLDRCYSTPSGCLELTDSCQPYRSAFYILEQQCVGLAVDMDEIEKYQEVEEDQDPSCPRLSRELLDEKEPEVLQDSLDRCYSTPSGYLELPDLGQPYSSAVYSLEEQYLGLALDVDRIKKDQEEEEDQGPPCPRLSRELLEVVEPEVLQDSLDRCYSTPSSCLEQPDSCQPYGSSFYALEEKHVGFSLDVGEIEKKGKGKKRRGRRSKKERRRGRKEGEEDQNPPCPRLSRELLDEKGPEVLQDSLDRCYSTPSGCLELTDSCQPYRSAFYILEQQCVGLAVDMDEIEKYQEVEEDQDPSCPRLSRELLDEKEPEVLQDSLDRCYSTPSGYLELPDLGQPYSSAVYSLEEQYLGLALDVDRIKKDQEEEEDQGPPCPRLSRELLEVVEPEVLQDSLDRCYSTPSSCLEQPDSCQPYGSSFYALEEKHVGFSLDVGEIEKKGKGKKRRGRRSKKERRRGRKEGEEDQNPPCPRLSRELLDEKGPEVLQDSLDRCYSTPSGCLELTDSCQPYRSAFYILEQQCVGLAVDMDEIEKYQEVEEDQDPSCPRLSRELLDEKEPEVLQDSLDRCYSTPSGYLELPDLGQPYSSAVYSLEEQYLGLALDVDRIKKDQEEEEDQGPPCPRLSRELLEVVEPEVLQDSLDRCYSTPSSCLEQPDSCQPYGSSFYALEEKHVGFSLDVGEIEKKGKGKKRRGRRSKKERRRGRKEGEEDQNPPCPRLSRELLDEKGPEVLQDSLDRCYSTPSGCLELTDSCQPYRSAFYILEQQCVGLAVDMDEIEKYQEVEEDQDPSCPRLSRELLDEKEPEVLQDSLDRCYSTPSGYLELPDLGQPYSSAVYSLEEQYLGLALDVDRIKKDQEEEEDQGPPCPRLSRELLEVVEPEVLQDSLDRCYSTPSSCLEQPDSCQPYGSSFYALEEKHVGFSLDVGEIEKKGKGKKRRGRRSKKERRRGRKEGEEDQNPPCPRLSRELLDEKGPEVLQDSLDRCYSTPSGCLELTDSCQPYRSAFYILEQQCVGLAVDMDEIEKYQEVEEDQDPSCPRLSRELLAEKEPEVLQDPLDRCYSTPSGYLELPDLGQPYSSAVYSLEEQYLGLALDVDRIKKDQEEEEDQGPPCPRLSRELLEVVEPEVLQDSLDRCYSTPSSCLEQPDSCQPYGSSFYALEEKHVGFSLDVGEIEKKGKGKKRRGRRSKKERRRGRKEGEEDQNPPCPRLSRELLDEKGPEVLQDSLDRCYSTPSGCLELTDSCQPYRSAFYILEQQCVGLAVDMDEIEKYQEVEEDQDPSCPRLSRELLAEKEPEVLQDPLDRCYSTPSGYLELPDLGQPYSSAVYSLEEQYLGLALDVDRIKKDQEEEEDQGPPCPRLSRELLEVVEPEVLQDSLDRCYSTPSSCLEQPDSCQPYGSSFYALEEKHVGFSLDVGEIEKKGKGKKRRGRRSKKERRRGRKEGEEDQNPPCPRLSRELLDEKGPEVLQDSLDRCYSTPSGCLELTDSCQPYRSAFYILEQQCVGLAVDMDEIEKYQEVEEDQDPSCPRLSRELLAEKEPEVLQDPLDRCYSTPSGYLELPDLGQPYSSAVYSLEEQYLGLALDVDRIKKDQEEEEDQGPPCPRLSRELLEVVEPEVLQDSLDRCYSTPSSCLEQPDSCQPYGSSFYALEEKHVGFSLDVGEIEKKGKGKKRRGRRSKKERRRGRKEGEEDQNPPCPRLNSVLMEVEEPEVLQDSLDGCYSTPSMYFELPDSFQHYRSVFYSFEEEHISFALYLDNRFFTLTVTSLHLVFQMLVIFPQ
A0A087WUV0	ZNF892	GSLFEDSDLLHAGNPK;ENDVTAVLLTPGSQELMIR;DMAEALTQWR;QLNSPQGDVPEK;NLVLLGLPISTPDVISQLEHEEELER;HWETIPESK;DISEEESAPGVLIVR;ESSSECEDSLESQQENHEK;HLIQEAVTEK;SYQSDEFR;SLLVQQQGER;LHHCDSFK;QNSDIIR;AFSYYSAFVLHQR;AFSQSIHLTLHQR;AFNQSSYLTQHQR;AFSQSTFLTQHQVIHTGEK;SGLIQHQR;AFGYCSALTQHQR;AFSQSSSLTK;AFSQSSSLSQHQK;YVQALSEHLTFGQHK	>sp|A0A087WUV0|ZN892_HUMAN Zinc finger protein 892 OS=Homo sapiens OX=9606 GN=ZNF892 PE=3 SV=1	GSLFEDSDLLHAGNPK;ENDVTAVLLTPGSQELMIR;DMAEALTQWR;QLNSPQGDVPEK;NLVLLGLPISTPDVISQLEHEEELER;HWETIPESK;DISEEESAPGVLIVR;ESSSECEDSLESQQENHEK;HLIQEAVTEK;SYQSDEFR;SLLVQQQGER;LHHCDSFK;QNSDIIR;AFSYYSAFVLHQR;PYECNECGK;AFSQSIHLTLHQR;PYECHECGK;HHIIHTGEK;PYECNECGK;AFNQSSYLTQHQR;PYECNECGK;AFSQSTFLTQHQVIHTGEK;SGLIQHQR;PYECNECGK;AFGYCSALTQHQR;AFSQSSSLTK;AFSQSSSLSQHQK;YVQALSEHLTFGQHK	MEPEGRGSLFEDSDLLHAGNPKENDVTAVLLTPGSQELMIRDMAEALTQWRQLNSPQGDVPEKPRNLVLLGLPISTPDVISQLEHEEELEREVSKAASQKHWETIPESKELTPEKDISEEESAPGVLIVRFSKESSSECEDSLESQQENHEKHLIQEAVTEKSSRERSYQSDEFRRNCTQRSLLVQQQGERLHHCDSFKNNLKQNSDIIRHERICAGKKPWKCNECEKAFSYYSAFVLHQRIHTGEKPYECNECGKAFSQSIHLTLHQRIHTGEKPYECHECGKAFSHRSALIRHHIIHTGEKPYECNECGKAFNQSSYLTQHQRIHTGEKPYECNECGKAFSQSTFLTQHQVIHTGEKPYKCNECGKAFSDRSGLIQHQRTHTGERPYECNECGKAFGYCSALTQHQRTHTGEKPYKCNDCAKAFSDRSALIRHQRTHTGEKPYKCKDCGKAFSQSSSLTKHQKTHTGEKPYKCKECGKAFSQSSSLSQHQKTHAGVKTKKYVQALSEHLTFGQHKRIHTG
A0A087WV53	SPEGNB	PVAVAPAPGCTLDINDPQVQSAAIR;DVVLIEGSAAK;ISAFPDPFIR;YVFEDPDVVALVVR;DGELADLGQYSINVTNPFGQCSDSAR;ILVEVPTK;GTTVTLTAEILGEPAPDVGWTK;DGEDIEEDDR;VFFEIGSTTTTLTIR;ATPQDSGK;YEVYVENSLGMDQSFAR	>sp|A0A087WV53|SPEGN_HUMAN SPEG neighbor protein OS=Homo sapiens OX=9606 GN=SPEGNB PE=4 SV=1	PVAVAPAPGCTLDINDPQVQSAAIR;DVVLIEGSAAK;ISAFPDPFIR;YVFEDPDVVALVVR;DGELADLGQYSINVTNPFGQCSDSAR;ILVEVPTK;GTTVTLTAEILGEPAPDVGWTK;DGEDIEEDDR;VFFEIGSTTTTLTIR;ATPQDSGK;YEVYVENSLGMDQSFAR	MSKAAPAKKPVAVAPAPGCTLDINDPQVQSAAIRIQASYRGHRSRKELREKGPPRVLEPLKDVVLIEGSAAKLTCRISAFPDPFIRWSKDGKELRDGPKYRYVFEDPDVVALVVRDGELADLGQYSINVTNPFGQCSDSARILVEVPTKIQKGPDNTKARKGTTVTLTAEILGEPAPDVGWTKDGEDIEEDDRVFFEIGSTTTTLTIRRATPQDSGKYEVYVENSLGMDQSFARVDVA
A0A087WV62	TRBV16	SPIFTCITILCLLAAGSPGEEVAQTPK;LYCAPIK;GHSYVFWYQQVLK;FLISFQNENVFDETGMPK;CLPNSPCSLEIQATK;LEDSAVYFCASSQ	>sp|A0A087WV62|TVB16_HUMAN T cell receptor beta variable 16 OS=Homo sapiens OX=9606 GN=TRBV16 PE=3 SV=6	SPIFTCITILCLLAAGSPGEEVAQTPK;LYCAPIK;GHSYVFWYQQVLK;FLISFQNENVFDETGMPK;CLPNSPCSLEIQATK;LEDSAVYFCASSQ	MSPIFTCITILCLLAAGSPGEEVAQTPKHLVRGEGQKAKLYCAPIKGHSYVFWYQQVLKNEFKFLISFQNENVFDETGMPKERFSAKCLPNSPCSLEIQATKLEDSAVYFCASSQ
A0A087WVF3	TBC1D3D		>sp|A0A087WVF3|TBC3D_HUMAN TBC1 domain family member 3D OS=Homo sapiens OX=9606 GN=TBC1D3D PE=2 SV=1	DVVEVAGSWWAQER;AGLPEDK;SYNNNVDHLGIVHETELPPLTAR;WVDMLGDWEK;GMPMNIR;GPMWSVLLNTEEMK;SSEHIQR;DVSGTLR;ELLHILLAYEEYNPEVGYCR;DLSHIAALFLLYLPEEDAFWALVQLLASER;HSLQGFHSPNGGTVQGLQDQQEHVVATSQPK;TMGHQDK;DLCGQCSPLGCLIR;ILIDGISLGLTLR;LWDVYLVEGEQALMPITR;FVDTWAR;DEDTVLK;QGDLPPPAK;PEQGSSASR;QAPPGPPAR;PIWSASPPR;SSTPCPGGAVR;EDTYPVGTQGVPSPALAQGGPQGSWR;FLQWNSMPR;LPTDLDVEGPWFR;AISQEDQLAPCWQAEHPAER;SAFAAPSTDSDQGTPFR;DEQQCAPTSGPCLCGLHLESSQFPPGF	MDVVEVAGSWWAQEREDIIMKYEKGHRAGLPEDKGPKPFRSYNNNVDHLGIVHETELPPLTAREAKQIRREISRKSKWVDMLGDWEKYKSSRKLIDRAYKGMPMNIRGPMWSVLLNTEEMKLKNPGRYQIMKEKGKRSSEHIQRIDRDVSGTLRKHIFFRDRYGTKQRELLHILLAYEEYNPEVGYCRDLSHIAALFLLYLPEEDAFWALVQLLASERHSLQGFHSPNGGTVQGLQDQQEHVVATSQPKTMGHQDKKDLCGQCSPLGCLIRILIDGISLGLTLRLWDVYLVEGEQALMPITRIAFKVQQKRLTKTSRCGPWARFCNRFVDTWARDEDTVLKHLRASMKKLTRKQGDLPPPAKPEQGSSASRPVPASRGGKTLCKGDRQAPPGPPARFPRPIWSASPPRAPRSSTPCPGGAVREDTYPVGTQGVPSPALAQGGPQGSWRFLQWNSMPRLPTDLDVEGPWFRHYDFRQSCWVRAISQEDQLAPCWQAEHPAERVRSAFAAPSTDSDQGTPFRARDEQQCAPTSGPCLCGLHLESSQFPPGF
A0A087WW87	IGKV2-40		>sp|A0A087WW87|KV240_HUMAN Immunoglobulin kappa variable 2-40 OS=Homo sapiens OX=9606 GN=IGKV2-40 PE=3 SV=2	LPAQLLGLLMLWVPGSSEDIVMTQTPLSLPVTPGEPASISCR;SSQSLLDSDDGNTYLDWYLQK;PGQSPQLLIYTLSYR;ASGVPDR;FSGSGSGTDFTLK;VEAEDVGVYYCMQR	MRLPAQLLGLLMLWVPGSSEDIVMTQTPLSLPVTPGEPASISCRSSQSLLDSDDGNTYLDWYLQKPGQSPQLLIYTLSYRASGVPDRFSGSGSGTDFTLKISRVEAEDVGVYYCMQRIEFP
A0A087WWA1	P3R3URF	PGMGWPR;TASSAAINPATR;AMGINNTHTDTTIVWIFPPQVLR;QPGIFLIL	>sp|A0A087WWA1|P3URF_HUMAN PIK3R3 upstream open reading frame protein OS=Homo sapiens OX=9606 GN=P3R3URF PE=4 SV=1	PGMGWPR;TASSAAINPATR;AMGINNTHTDTTIVWIFPPQVLR;QPGIFLIL	MGPSRLVRGPRPQGMRSPYRRPGMGWPRPRFPRMFKCSRRRYQQGLRGRTASSAAINPATRAMGINNTHTDTTIVWIFPPQVLRHLRQPGIFLIL
A0A087WXM9	MEIKIN	LNLTPTPDLGSPAK;AEAPPGSK;QGGSGSGPFSPR;LGVTGEK;SSEDTQDEK;ESVTDDLQVDSSSSNSELVSGLSLHHGMASSLLSYSVTDSYAEYK;SFEESFPSPELFR;SDYLDWECPNLEEHMQWK;NSTLLDTSK;APQFSNVSAIFSTSSEDYQK;TVMTVADQNVSPK;CASNSESDNAACEILLAEK;TCPSTPEK;TNSSTPGK;GLLTSTPSSETAGFVIDLSSVQK;ASFEELFPNVSNYVNSNEIVPVSSLQENSSNEFPANASEICCIIR;DTPQDIIIK	>sp|A0A087WXM9|MEIKN_HUMAN Meiosis-specific kinetochore protein OS=Homo sapiens OX=9606 GN=MEIKIN PE=2 SV=2	LNLTPTPDLGSPAK;AEAPPGSK;QGGSGSGPFSPR;LGVTGEK;SSEDTQDEK;ESVTDDLQVDSSSSNSELVSGLSLHHGMASSLLSYSVTDSYAEYK;SFEESFPSPELFR;SDYLDWECPNLEEHMQWK;NSTLLDTSK;APQFSNVSAIFSTSSEDYQK;TVMTVADQNVSPK;CASNSESDNAACEILLAEK;TCPSTPEK;TNSSTPGK;GLLTSTPSSETAGFVIDLSSVQK;ASFEELFPNVSNYVNSNEIVPVSSLQENSSNEFPANASEICCIIR;DTPQDIIIK	MWPLRVYTRKKREGQRLNLTPTPDLGSPAKAEAPPGSKRKGKVHGLSKIAEKAERSRQGGSGSGPFSPRLGVTGEKSLQENRSSEDTQDEKIASLRESVTDDLQVDSSSSNSELVSGLSLHHGMASSLLSYSVTDSYAEYKSFEESFPSPELFRKSDYLDWECPNLEEHMQWKNSTLLDTSKAVAIEKAPQFSNVSAIFSTSSEDYQKCHRKTVMTVADQNVSPKAKCASNSESDNAACEILLAEKTCPSTPEKTKKKKTNSSTPGKKNRGLLTSTPSSETAGFVIDLSSVQKASFEELFPNVSNYVNSNEIVPVSSLQENSSNEFPANASEICCIIRTSPGTRQVKNKGVIVKKKKYSLPKDTPQDIIIKMA
A0A087WXS9	TBC1D3I		>sp|A0A087WXS9|TBC3I_HUMAN TBC1 domain family member 3I OS=Homo sapiens OX=9606 GN=TBC1D3I PE=3 SV=1	DVVEVAGSWWAQER;AGLPEDK;SYNNNVDHLGIVHETELPPLTAR;WVDMLGDWEK;GMPMNIR;GPMWSVLLNTEEMK;SSEHIQR;DVSGTLR;ELLHILLAYEEYNPEVGYCR;DLSHIAALFLLYLPEEDAFWALVQLLASER;HSLQGFHSPNGGTVQGLQDQQEHVVATSQPK;TMGHQDK;DLCGQCSPLGCLIR;ILIDGISLGLTLR;LWDVYLVEGEQALMPITR;FVDTWAR;DEDTVLK;QGDLPPPAK;PEQGSSASR;QAPPGPPAR;PIWSASPPR;SSTPCPGGAVR;EDTYPVGTQGVPSPALAQGGPQGSWR;FLQWNSMPR;LPTDLDVEGPWFR;AISQEDQLAPCWQAEHPAER;SAFAAPSTDSDQGTPFR;DEQQCAPTSGPCLCGLHLESSQFPPGF	MDVVEVAGSWWAQEREDIIMKYEKGHRAGLPEDKGPKPFRSYNNNVDHLGIVHETELPPLTAREAKQIRREISRKSKWVDMLGDWEKYKSSRKLIDRAYKGMPMNIRGPMWSVLLNTEEMKMKNPGRYQIMKEKGKRSSEHIQRIDRDVSGTLRKHIFFRDRYGTKQRELLHILLAYEEYNPEVGYCRDLSHIAALFLLYLPEEDAFWALVQLLASERHSLQGFHSPNGGTVQGLQDQQEHVVATSQPKTMGHQDKKDLCGQCSPLGCLIRILIDGISLGLTLRLWDVYLVEGEQALMPITRIAFKVQQKRLTKTSRCGPWARFCNRFVDTWARDEDTVLKHLRASMKKLTRKQGDLPPPAKPEQGSSASRPVPASRGGKTLCKGDRQAPPGPPARFPRPIWSASPPRAPRSSTPCPGGAVREDTYPVGTQGVPSPALAQGGPQGSWRFLQWNSMPRLPTDLDVEGPWFRHYDFRQSCWVRAISQEDQLAPCWQAEHPAERVRSAFAAPSTDSDQGTPFRARDEQQCAPTSGPCLCGLHLESSQFPPGF
A0A087X0K7	TRBV17	DIWLLCWVTLCLLAAGHSEPGVSQTPR;VTNMGQEVILR;CDPSSGHMFVHWYR;LLISFQYQNIAVDSGMPK;PNGTSSTLK;IHPAEPR;DSAVYLYSSG	>sp|A0A087X0K7|TVB17_HUMAN Probable non-functional T cell receptor beta variable 17 OS=Homo sapiens OX=9606 GN=TRBV17 PE=1 SV=6	DIWLLCWVTLCLLAAGHSEPGVSQTPR;VTNMGQEVILR;CDPSSGHMFVHWYR;LLISFQYQNIAVDSGMPK;PNGTSSTLK;IHPAEPR;DSAVYLYSSG	MDIWLLCWVTLCLLAAGHSEPGVSQTPRHKVTNMGQEVILRCDPSSGHMFVHWYRQNLRQEMKLLISFQYQNIAVDSGMPKERFTAERPNGTSSTLKIHPAEPRDSAVYLYSSG
A0A087X0M5	TRBV18	LLCCAVICLLGAGLSNAGVMQNPR;GHSHVYWYR;QLPEEGLK;FMVYLQK;ENIIDESGMPK;FSAEFPK;EGPSILR;GDSAAYFCASSP	>sp|A0A087X0M5|TVB18_HUMAN T cell receptor beta variable 18 OS=Homo sapiens OX=9606 GN=TRBV18 PE=3 SV=6	LLCCAVICLLGAGLSNAGVMQNPR;GHSHVYWYR;QLPEEGLK;FMVYLQK;ENIIDESGMPK;FSAEFPK;EGPSILR;GDSAAYFCASSP	MDTRLLCCAVICLLGAGLSNAGVMQNPRHLVRRRGQEARLRCSPMKGHSHVYWYRQLPEEGLKFMVYLQKENIIDESGMPKERFSAEFPKEGPSILRIQQVVRGDSAAYFCASSP
A0A087X179	TBC1D3E	LIDQAYK	>sp|A0A087X179|TBC3E_HUMAN TBC1 domain family member 3E OS=Homo sapiens OX=9606 GN=TBC1D3E PE=2 SV=1	DVVEVAGSWWAQER;AGLPEDK;SYNNNVDHLGIVHETELPPLTAR;WVDMLGDWEK;LIDQAYK;GMPMNIR;GPMWSVLLNTEEMK;SSEHIQR;DVSGTLR;ELLHILLAYEEYNPEVGYCR;DLSHIAALFLLYLPEEDAFWALVQLLASER;HSLQGFHSPNGGTVQGLQDQQEHVVATSQPK;TMGHQDK;DLCGQCSPLGCLIR;ILIDGISLGLTLR;LWDVYLVEGEQALMPITR;FVDTWAR;DEDTVLK;GDLPPPAK;PEQGSSASR;QAPPGPPAR;PIWSASPPR;SSTPCPGGAVR;EDTYPVGTQGVPSPALAQGGPQGSWR;FLQWNSMPR;LPTDLDVEGPWFR;AISQEDQLAPCWQAEHPAER;SAFAAPSTDSDQGTPFR;DEQQCAPTSGPCLCGLHLESSQFPPGF	MDVVEVAGSWWAQEREDIIMKYEKGHRAGLPEDKGPKPFRSYNNNVDHLGIVHETELPPLTAREAKQIRREISRKSKWVDMLGDWEKYKSSRKLIDQAYKGMPMNIRGPMWSVLLNTEEMKLKNPGRYQIMKEKGKKSSEHIQRIDRDVSGTLRKHIFFRDRYGTKQRELLHILLAYEEYNPEVGYCRDLSHIAALFLLYLPEEDAFWALVQLLASERHSLQGFHSPNGGTVQGLQDQQEHVVATSQPKTMGHQDKKDLCGQCSPLGCLIRILIDGISLGLTLRLWDVYLVEGEQALMPITRIAFKVQQKRLTKTSRCGPWARFCNRFVDTWARDEDTVLKHLRASMKKLTRKKGDLPPPAKPEQGSSASRPVPASRGGKTLCKGDRQAPPGPPARFPRPIWSASPPRAPRSSTPCPGGAVREDTYPVGTQGVPSPALAQGGPQGSWRFLQWNSMPRLPTDLDVEGPWFRHYDFRQSCWVRAISQEDQLAPCWQAEHPAERVRSAFAAPSTDSDQGTPFRARDEQQCAPTSGPCLCGLHLESSQFPPGF
A0A087X1C5	CYP2D7	GLEALVPLAMIVAIFLLLVDLMHR;GEDTADR;PPAPIYQVLGFGPR;SQGVILSR;SLEQWVTEEAACLCAAFADQAGR;EVLNAVPVLPHIPALAGK;DLTEAFLAK;GSPESSFNDENLR;IVVGNLFLAGMVTTSTTLAWGLLLMILHLDVQR;VSPGCPIVGTHVCPVR;PEMGDQAHMPCTTAVIHEVQHFGDIVPLGVTHMTSR;MELFLFFTSLLQHFSFSVAAGQPR;VVSFLVTPSPYELCAVPR	>sp|A0A087X1C5|CP2D7_HUMAN Putative cytochrome P450 2D7 OS=Homo sapiens OX=9606 GN=CYP2D7 PE=5 SV=1	GLEALVPLAMIVAIFLLLVDLMHR;YPPGPLPLPGLGNLLHVDFQNTPYCFDQLR;FGDVFSLQLAWTPVVVLNGLAAVR;GEDTADR;PPAPIYQVLGFGPR;SQGVILSR;FSVSTLR;SLEQWVTEEAACLCAAFADQAGR;PNGLLDK;AVSNVIASLTCGR;FEYDDPR;LLDLAQEGLK;EESGFLR;EVLNAVPVLPHIPALAGK;AFLTQLDELLTEHR;MTWDPAQPPR;DLTEAFLAK;GSPESSFNDENLR;IVVGNLFLAGMVTTSTTLAWGLLLMILHLDVQR;VSPGCPIVGTHVCPVR;VQQEIDDVIGQVR;PEMGDQAHMPCTTAVIHEVQHFGDIVPLGVTHMTSR;DIEVQGFR;GTTLITNLSSVLK;FHPEHFLDAQGHFVK;PEAFLPFSAGR;ACLGEPLAR;MELFLFFTSLLQHFSFSVAAGQPR;VVSFLVTPSPYELCAVPR	MGLEALVPLAMIVAIFLLLVDLMHRHQRWAARYPPGPLPLPGLGNLLHVDFQNTPYCFDQLRRRFGDVFSLQLAWTPVVVLNGLAAVREAMVTRGEDTADRPPAPIYQVLGFGPRSQGVILSRYGPAWREQRRFSVSTLRNLGLGKKSLEQWVTEEAACLCAAFADQAGRPFRPNGLLDKAVSNVIASLTCGRRFEYDDPRFLRLLDLAQEGLKEESGFLREVLNAVPVLPHIPALAGKVLRFQKAFLTQLDELLTEHRMTWDPAQPPRDLTEAFLAKKEKAKGSPESSFNDENLRIVVGNLFLAGMVTTSTTLAWGLLLMILHLDVQRGRRVSPGCPIVGTHVCPVRVQQEIDDVIGQVRRPEMGDQAHMPCTTAVIHEVQHFGDIVPLGVTHMTSRDIEVQGFRIPKGTTLITNLSSVLKDEAVWKKPFRFHPEHFLDAQGHFVKPEAFLPFSAGRRACLGEPLARMELFLFFTSLLQHFSFSVAAGQPRPSHSRVVSFLVTPSPYELCAVPR
A0A087X1G2	TBC1D3K		>sp|A0A087X1G2|TBC3K_HUMAN TBC1 domain family member 3K OS=Homo sapiens OX=9606 GN=TBC1D3K PE=3 SV=1	DVVEVAGSWWAQER;AGLPEDK;SYNNNVDHLGIVHETELPPLTAR;WVDMLGDWEK;GMPMNIR;GPMWSVLLNIEEMK;SSEHIQR;DVSGTLR;ELLHILLAYEEYNPEVGYCR;DLSHIAALFLLYLPEEDAFWALVQLLASER;HSLQGFHSPNGGTVQGLQDQQEHVVATSQPK;TMGHQDK;DLCGQCSPLGCLIR;ILIDGISLGLTLR;LWDVYLVEGEQALMPITR;FVDTWAR;DEDTVLK;GDLPPPAK;PEQGSSASR;QAPPGPPAR;PIWSASPPR;SSTPCPGGAVR;EDTYPVGTQGVPSPALAQGGPQGSWR;FLQWNSMPR;LPTDLDVEGPWFR;AISQEDQLAPCWQAEHPAER;SAFAAPSTDSDQGTPFR;DEQQCAPTSGPCLCGLHLESSQFPPGF	MDVVEVAGSWWAQEREDIIMKYEKGHRAGLPEDKGPKPFRSYNNNVDHLGIVHETELPPLTAREAKQIRREISRKSKWVDMLGDWEKYKSSRKLIDRAYKGMPMNIRGPMWSVLLNIEEMKLKNPGRYQIMKEKGKKSSEHIQRIDRDVSGTLRKHIFFRDRYGTKQRELLHILLAYEEYNPEVGYCRDLSHIAALFLLYLPEEDAFWALVQLLASERHSLQGFHSPNGGTVQGLQDQQEHVVATSQPKTMGHQDKKDLCGQCSPLGCLIRILIDGISLGLTLRLWDVYLVEGEQALMPITRIAFKVQQKRLTKTSRCGPWARFCNRFVDTWARDEDTVLKHLRASMKKLTRKKGDLPPPAKPEQGSSASRPVPASRGGKTLCKGDRQAPPGPPARFPRPIWSASPPRAPRSSTPCPGGAVREDTYPVGTQGVPSPALAQGGPQGSWRFLQWNSMPRLPTDLDVEGPWFRHYDFRQSCWVRAISQEDQLAPCWQAEHPAERVRSAFAAPSTDSDQGTPFRARDEQQCAPTSGPCLCGLHLESSQFPPGF
A0A096LNP1	DEFB131B	VLFFVFGVLSLMSTVPPTR;SFTSNDECPSEYYHCR;IIQIDGQK	>sp|A0A096LNP1|D131B_HUMAN Beta-defensin 131B OS=Homo sapiens OX=9606 GN=DEFB131B PE=3 SV=1	VLFFVFGVLSLMSTVPPTR;SFTSNDECPSEYYHCR;CNADEHAIR;YCADFSICCK;IIQIDGQK	MRVLFFVFGVLSLMSTVPPTRSFTSNDECPSEYYHCRLKCNADEHAIRYCADFSICCKLKIIQIDGQKKW
A0A096LNW5	NOTCH2NLR	PALLWALLALWLCWAAPAHALQCR;DGYEPCVNK;GMCVTYHSGTGYCK;CASGFTGEDCQYSTPHPCFVSR;ECQWTDACLSHLCANGSTCTTVANQFSCK;CETDVNECDIPGHCQHGGTCLNLPGSYQCQCLQGFTGQYCDR;LYVPCAHSPCVNGGTCR;QASLEWK	>sp|A0A096LNW5|NT2NR_HUMAN Notch homolog 2 N-terminal-like protein R OS=Homo sapiens OX=9606 GN=NOTCH2NLR PE=2 SV=2	PALLWALLALWLCWAAPAHALQCR;DGYEPCVNK;GMCVTYHSGTGYCK;CPEGFLGEYCQHR;CQNGGTCVAQAMLGK;CASGFTGEDCQYSTPHPCFVSR;PCLNGGTCHMLSR;DTYECTCQVGFTGK;ECQWTDACLSHLCANGSTCTTVANQFSCK;CLTGFTGQK;CETDVNECDIPGHCQHGGTCLNLPGSYQCQCLQGFTGQYCDR;LYVPCAHSPCVNGGTCR;QTGDFTFECNCLPETVR;QASLEWK	MPALRPALLWALLALWLCWAAPAHALQCRDGYEPCVNKGMCVTYHSGTGYCKCPEGFLGEYCQHRDPCEKNRCQNGGTCVAQAMLGKATCRCASGFTGEDCQYSTPHPCFVSRPCLNGGTCHMLSRDTYECTCQVGFTGKECQWTDACLSHLCANGSTCTTVANQFSCKCLTGFTGQKCETDVNECDIPGHCQHGGTCLNLPGSYQCQCLQGFTGQYCDRLYVPCAHSPCVNGGTCRQTGDFTFECNCLPETVRNKRNRALGKRQASLEWKRTR
A0A096LP01	SMIM26	NEFTAWYR;MSVVYGIGTWSVLGSLLYYSR;DGSASEVPSELSER;GFYVETVVTYK;EDFVPNTEK;SWTGGPGTEP	>sp|A0A096LP01|SIM26_HUMAN Small integral membrane protein 26 OS=Homo sapiens OX=9606 GN=SMIM26 PE=3 SV=1	NEFTAWYR;MSVVYGIGTWSVLGSLLYYSR;DGSASEVPSELSER;GFYVETVVTYK;EDFVPNTEK;SWTGGPGTEP	MYRNEFTAWYRRMSVVYGIGTWSVLGSLLYYSRTMAKSSVDQKDGSASEVPSELSERPKGFYVETVVTYKEDFVPNTEKILNYWKSWTGGPGTEP
A0A096LP49-2	CCDC187	WSTGPEAR	>sp|A0A096LP49-2|CC187_HUMAN Isoform 2 of Coiled-coil domain-containing protein 187 OS=Homo sapiens OX=9606 GN=CCDC187	WSTGPEAR;DGDSSVSSGR;LSCSSGGHDVCVSWK;PPQVLGPQQR;AQAWQQGSCASLGTSAPSSASR;ASTLMLR;NPPPAPECSGFSILSAAER;ASHGQGR;VSQHQVPVLR;DEDSELVGVYAWR;SLLGPPPVLR;DPALTVDLGDSEK;CSPVCAQLPDATSAYSDQQVSGNTPSLASFDQPATIQTAMAILQDLR;QQIQAGLELAQAR;GGQELGPSK;LQDVAGR;DPNAQSSFSK;SPWAMTER;SVHTWEPWSSSTAR;AWGAQGQDR;PESPHER;LGHFSQR;PWSALAGQACSPQR;QGPSSQR;PGSPPEK;SPFPQQPWSAVATQPCPR;AWTACETWEDPGPR;PSPPAQR;PWSSSGVQR;GIGSPVSAAK;PTGSFPQNPLGK;GLLGPSHSSESLR;AVPVVSR;TTPGIVTFVPSSAQSGGLEASGSLESPVLEWSK;VTSGMVLGGQEAPGSFCLCLNR;AWNHAETLDPPGMGGPQDGR;DAPVLLSASPSLGSLELQDLTTR;GMCIYLDPK;EAEHLGTSSSLHLR;QAQLQALETTAK;VDSLTAK;LQGAEALDTVR;DPAVGLLR;SCPHSLPAAPTLATPTLATPACPGALGPNWGR;GAPGEWVSMQPQPLLPPTYFLDGETLSWGPSWEQQQSVSPR;GFPEEGHVDVK;GVAPFQALSPSAGSSYAGPATLHPIWGSLGLEETPSVGGADSVAPCTPR;PWAGWSGGR;EHLPLPSTR;AWPYGVEK	MWSTGPEARDGDSSVSSGRLSCSSGGHDVCVSWKERPPQVLGPQQRPRKSDARLEQLRDKIRAQAWQQGSCASLGTSAPSSASRLHKASTLMLRRKGQEAKNPPPAPECSGFSILSAAERRVEAKASHGQGRELSRVSQHQVPVLREKPKRVKSSSCKREKTPKLPSPRRAAKDKHKDEDSELVGVYAWRKGQALVRSLLGPPPVLRRHHSKDPSRDPALTVDLGDSEKVIAAKCSPVCAQLPDATSAYSDQQVSGNTPSLASFDQPATIQTAMAILQDLRQQIQAGLELAQARKGGQELGPSKRRLQDVAGRGCCRDPNAQSSFSKSPWAMTERKHSSLERARSVHTWEPWSSSTARESCPQRAWGAQGQDRSFQRPESPHERLGHFSQRPWSALAGQACSPQRAWGAQRQGPSSQRPGSPPEKRSPFPQQPWSAVATQPCPRRAWTACETWEDPGPRLRNPLERPSPPAQRPWSSSGVQRAGPQGKGRGIGSPVSAAKHALPRPTGSFPQNPLGKEKDTLRPCPRSRGLLGPSHSSESLREFMRQKAQARRRQALEEKASALRTRELRSRRLQEVYRQQREAVLGRAVPVVSRTTPGIVTFVPSSAQSGGLEASGSLESPVLEWSKVTSGMVLGGQEAPGSFCLCLNRAWNHAETLDPPGMGGPQDGRDAPVLLSASPSLGSLELQDLTTRYLPRGMCIYLDPKEAEHLGTSSSLHLRHKQAQLQALETTAKVLKQRVDSLTAKLQGAEALDTVRDPAVGLLRSCPHSLPAAPTLATPTLATPACPGALGPNWGRGAPGEWVSMQPQPLLPPTYFLDGETLSWGPSWEQQQSVSPRAHCESKPRGFPEEGHVDVKPDKRLQRGVAPFQALSPSAGSSYAGPATLHPIWGSLGLEETPSVGGADSVAPCTPRSCGKGDPADRPWAGWSGGRGIHREHLPLPSTRAWPYGVEKSFSTWRASTPRY
A0A096LP49	CCDC187	PTLVVGTPPTCLGDTPQPCHK;QGPFSHGAPGR;LCAPAAEDDVAALR;WPGPSQQPDPPWAAPHVVGSDDLK;EPGPWGK;ACSLPMWSTGPEAR	>sp|A0A096LP49|CC187_HUMAN Coiled-coil domain-containing protein 187 OS=Homo sapiens OX=9606 GN=CCDC187 PE=2 SV=1	PTLVVGTPPTCLGDTPQPCHK;QGPFSHGAPGR;LCAPAAEDDVAALR;WPGPSQQPDPPWAAPHVVGSDDLK;EPGPWGK;ACSLPMWSTGPEAR;DGDSSVSSGR;LSCSSGGHDVCVSWK;PPQVLGPQQR;AQAWQQGSCASLGTSAPSSASR;ASTLMLR;NPPPAPECSGFSILSAAER;ASHGQGR;VSQHQVPVLR;DEDSELVGVYAWR;SLLGPPPVLR;DPALTVDLGDSEK;CSPVCAQLPDATSAYSDQQVSGNTPSLASFDQPATIQTAMAILQDLR;QQIQAGLELAQAR;GGQELGPSK;LQDVAGR;DPNAQSSFSK;SPWAMTER;SVHTWEPWSSSTAR;AWGAQGQDR;PESPHER;LGHFSQR;PWSALAGQACSPQR;QGPSSQR;PGSPPEK;SPFPQQPWSAVATQPCPR;AWTACETWEDPGPR;PSPPAQR;PWSSSGVQR;GIGSPVSAAK;PTGSFPQNPLGK;GLLGPSHSSESLR;AVPVVSR;TTPGIVTFVPSSAQSGGLEASGSLESPVLEWSK;VTSGMVLGGQEAPGSFCLCLNR;AWNHAETLDPPGMGGPQDGR;DAPVLLSASPSLGSLELQDLTTR;GMCIYLDPK;EAEHLGTSSSLHLR;QAQLQALETTAK;VDSLTAK;LQGAEALDTVR;DPAVGLLR;SCPHSLPAAPTLATPTLATPACPGALGPNWGR;GAPGEWVSMQPQPLLPPTYFLDGETLSWGPSWEQQQSVSPR;GFPEEGHVDVK;GVAPFQALSPSAGSSYAGPATLHPIWGSLGLEETPSVGGADSVAPCTPR;PWAGWSGGR;EHLPLPSTR;AWPYGVEK	MPTLVVGTPPTCLGDTPQPCHKNSQRQGPFSHGAPGRAADWKAVAKPRLCAPAAEDDVAALRWPGPSQQPDPPWAAPHVVGSDDLKEPGPWGKACSLPMWSTGPEARDGDSSVSSGRLSCSSGGHDVCVSWKERPPQVLGPQQRPRKSDARLEQLRDKIRAQAWQQGSCASLGTSAPSSASRLHKASTLMLRRKGQEAKNPPPAPECSGFSILSAAERRVEAKASHGQGRELSRVSQHQVPVLREKPKRVKSSSCKREKTPKLPSPRRAAKDKHKDEDSELVGVYAWRKGQALVRSLLGPPPVLRRHHSKDPSRDPALTVDLGDSEKVIAAKCSPVCAQLPDATSAYSDQQVSGNTPSLASFDQPATIQTAMAILQDLRQQIQAGLELAQARKGGQELGPSKRRLQDVAGRGCCRDPNAQSSFSKSPWAMTERKHSSLERARSVHTWEPWSSSTARESCPQRAWGAQGQDRSFQRPESPHERLGHFSQRPWSALAGQACSPQRAWGAQRQGPSSQRPGSPPEKRSPFPQQPWSAVATQPCPRRAWTACETWEDPGPRLRNPLERPSPPAQRPWSSSGVQRAGPQGKGRGIGSPVSAAKHALPRPTGSFPQNPLGKEKDTLRPCPRSRGLLGPSHSSESLREFMRQKAQARRRQALEEKASALRTRELRSRRLQEVYRQQREAVLGRAVPVVSRTTPGIVTFVPSSAQSGGLEASGSLESPVLEWSKVTSGMVLGGQEAPGSFCLCLNRAWNHAETLDPPGMGGPQDGRDAPVLLSASPSLGSLELQDLTTRYLPRGMCIYLDPKEAEHLGTSSSLHLRHKQAQLQALETTAKVLKQRVDSLTAKLQGAEALDTVRDPAVGLLRSCPHSLPAAPTLATPTLATPACPGALGPNWGRGAPGEWVSMQPQPLLPPTYFLDGETLSWGPSWEQQQSVSPRAHCESKPRGFPEEGHVDVKPDKRLQRGVAPFQALSPSAGSSYAGPATLHPIWGSLGLEETPSVGGADSVAPCTPRSCGKGDPADRPWAGWSGGRGIHREHLPLPSTRAWPYGVEKSFSTWRASTPRY
A0A096LP55	UQCRHL	LELYDEHVSSR;SHTEEDCTEELFDFLHAK	>sp|A0A096LP55|QCR6L_HUMAN Cytochrome b-c1 complex subunit 6-like, mitochondrial OS=Homo sapiens OX=9606 GN=UQCRHL PE=3 SV=1	GLEDEQK;MLTESGDPEEEEEEEEELVDPLTTVR;EQCEQLEK;LELYDEHVSSR;SHTEEDCTEELFDFLHAK;DHCVAHK	MGLEDEQKMLTESGDPEEEEEEEEELVDPLTTVREQCEQLEKCVKARERLELYDEHVSSRSHTEEDCTEELFDFLHAKDHCVAHKLFNNLK
A0A096LPI5	CCDC28A-AS1	PSTESCCVAQAR;VQWCHLGSLQPPLPGFK;QFSCHSLPSSWDYR;WNLTLSPR;LECSGAISAHCNLCLPDLSDSPASTSR;VAGTTGAHHHAQEPVVIR	>sp|A0A096LPI5|GVQW2_HUMAN Putative uncharacterized protein CCDC28A-AS1 OS=Homo sapiens OX=9606 GN=CCDC28A-AS1 PE=4 SV=1	PSTESCCVAQAR;VQWCHLGSLQPPLPGFK;QFSCHSLPSSWDYR;WNLTLSPR;LECSGAISAHCNLCLPDLSDSPASTSR;VAGTTGAHHHAQEPVVIR	MQYPFRKLLRPSTESCCVAQARVQWCHLGSLQPPLPGFKQFSCHSLPSSWDYRWNLTLSPRLECSGAISAHCNLCLPDLSDSPASTSRVAGTTGAHHHAQEPVVIRKM
A0A096LPK9	OR4N4C	VIIILLMFGPAIFIYICPFR	>sp|A0A096LPK9|ORN4C_HUMAN Olfactory receptor 4N4C OS=Homo sapiens OX=9606 GN=OR4N4C PE=3 SV=1	IANNTVVTEFILLGLTQSQDIQLLVFVLILIFYLIILPGNFLIIFTIR;SDPGLTAPLYLFLGNLAFLDASYSFIVAPR;MLVDFLSEK;GCITQLFFLHFLGGGEGLLLVVMAFDR;PLHCSTVMNPR;ACYAMMLALWLGGFVHSIIQVVLILR;LPFCGPNQLDNFFCDVR;LACTDMFVVELLMVFNSGLMTLLCFLGLLASYAVILCHVR;AMSTCTTR;VIIILLMFGPAIFIYICPFR;MVSLFHTVIFPLMNPMIYTLR;HVVCQVDFIIR	MKIANNTVVTEFILLGLTQSQDIQLLVFVLILIFYLIILPGNFLIIFTIRSDPGLTAPLYLFLGNLAFLDASYSFIVAPRMLVDFLSEKKVISYRGCITQLFFLHFLGGGEGLLLVVMAFDRYIAICRPLHCSTVMNPRACYAMMLALWLGGFVHSIIQVVLILRLPFCGPNQLDNFFCDVRQVIKLACTDMFVVELLMVFNSGLMTLLCFLGLLASYAVILCHVRRAASEGKNKAMSTCTTRVIIILLMFGPAIFIYICPFRALPADKMVSLFHTVIFPLMNPMIYTLRNQEVKTSMKRLLSRHVVCQVDFIIRN
A0A0A0MRZ7	IGKV2D-26	LPAQLLGLLMLWVPGSSAEIVMTQTPLSLSITPGEQASMSCR;SSQSLLHSDGYTYLYWFLQK;PVSTLLIYEVSNR;VEAEDFGVYYCMQDAQDP	>sp|A0A0A0MRZ7|KVD26_HUMAN Immunoglobulin kappa variable 2D-26 OS=Homo sapiens OX=9606 GN=IGKV2D-26 PE=3 SV=1	LPAQLLGLLMLWVPGSSAEIVMTQTPLSLSITPGEQASMSCR;SSQSLLHSDGYTYLYWFLQK;PVSTLLIYEVSNR;FSGVPDR;FSGSGSGTDFTLK;VEAEDFGVYYCMQDAQDP	MRLPAQLLGLLMLWVPGSSAEIVMTQTPLSLSITPGEQASMSCRSSQSLLHSDGYTYLYWFLQKARPVSTLLIYEVSNRFSGVPDRFSGSGSGTDFTLKISRVEAEDFGVYYCMQDAQDP
A0A0A0MRZ8	IGKV3D-11	FSGSGPGTDFTLTISSLEPEDFAVYYCQQR	>sp|A0A0A0MRZ8|KVD11_HUMAN Immunoglobulin kappa variable 3D-11 OS=Homo sapiens OX=9606 GN=IGKV3D-11 PE=3 SV=6	EAPAQLLFLLLLWLPDTTGEIVLTQSPATLSLSPGER;ASQSVSSYLAWYQQK;LLIYDASNR;ATGIPAR;FSGSGPGTDFTLTISSLEPEDFAVYYCQQR	MEAPAQLLFLLLLWLPDTTGEIVLTQSPATLSLSPGERATLSCRASQSVSSYLAWYQQKPGQAPRLLIYDASNRATGIPARFSGSGPGTDFTLTISSLEPEDFAVYYCQQRSNWH
A0A0A0MRZ9	IGLV5-52	AWTLLLLVLLSHCTGSLSQPVLTQPSSHSASSGASVR;LTCMLSSGFSVGDFWIR;YLLYYHSDSNK;FSGSNDASANAGILR;ISGLQPEDEADYYCGTWHSNSK	>sp|A0A0A0MRZ9|LV552_HUMAN Immunoglobulin lambda variable 5-52 OS=Homo sapiens OX=9606 GN=IGLV5-52 PE=3 SV=1	AWTLLLLVLLSHCTGSLSQPVLTQPSSHSASSGASVR;LTCMLSSGFSVGDFWIR;YLLYYHSDSNK;GQGSGVPSR;FSGSNDASANAGILR;ISGLQPEDEADYYCGTWHSNSK	MAWTLLLLVLLSHCTGSLSQPVLTQPSSHSASSGASVRLTCMLSSGFSVGDFWIRWYQQKPGNPPRYLLYYHSDSNKGQGSGVPSRFSGSNDASANAGILRISGLQPEDEADYYCGTWHSNSKT
A0A0A0MS00	IGLV3-32	AWTPPLLVLTLCTGSVISSGPTQVPAVSVALGQMAR;ITCQGDSMEGSYEHWYQQK;PGQAPVLVIYDSSDR;SGNTTTLTITGAQAEDEADYYYQLIDNHATQ	>sp|A0A0A0MS00|LV332_HUMAN Probable non-functional immunoglobulin lambda variable 3-32 OS=Homo sapiens OX=9606 GN=IGLV3-32 PE=1 SV=5	AWTPPLLVLTLCTGSVISSGPTQVPAVSVALGQMAR;ITCQGDSMEGSYEHWYQQK;PGQAPVLVIYDSSDR;SGNTTTLTITGAQAEDEADYYYQLIDNHATQ	MAWTPPLLVLTLCTGSVISSGPTQVPAVSVALGQMARITCQGDSMEGSYEHWYQQKPGQAPVLVIYDSSDRPSRIPERFSGSKSGNTTTLTITGAQAEDEADYYYQLIDNHATQ
A0A0A0MS01	TRGV10	SLLEAFAFSSWALGLGLSK;VEQFQLSISTEVK;SIDIPCK;FETDVIHWYR;PNQALEHLIYIVSTK;NSQTLTSILTIK;EDMAVYYCAAWD	>sp|A0A0A0MS01|TVG10_HUMAN Probable non-functional T cell receptor gamma variable 10 OS=Homo sapiens OX=9606 GN=TRGV10 PE=1 SV=2	SLLEAFAFSSWALGLGLSK;VEQFQLSISTEVK;SIDIPCK;FETDVIHWYR;PNQALEHLIYIVSTK;NSQTLTSILTIK;EDMAVYYCAAWD	MSLLEAFAFSSWALGLGLSKVEQFQLSISTEVKKSIDIPCKISSTRFETDVIHWYRQKPNQALEHLIYIVSTKSAARRSMGKTSNKVEARKNSQTLTSILTIKSVEKEDMAVYYCAAWD
A0A0A0MS02	TRGV1	WALAVLLAFLSPASQISSNLEGR;LTGSSAEITCDLPGASTLYIHWYLHQEGK;APQCLLYYEPYYSR;VVLESGITPGK;YDTGSTR;NDSGFYYCATWDR	>sp|A0A0A0MS02|TRGV1_HUMAN Probable non-functional T cell receptor gamma variable OS=Homo sapiens OX=9606 GN=TRGV1 PE=1 SV=1	WALAVLLAFLSPASQISSNLEGR;LTGSSAEITCDLPGASTLYIHWYLHQEGK;APQCLLYYEPYYSR;VVLESGITPGK;YDTGSTR;NDSGFYYCATWDR	MRWALAVLLAFLSPASQISSNLEGRTKSVTRLTGSSAEITCDLPGASTLYIHWYLHQEGKAPQCLLYYEPYYSRVVLESGITPGKYDTGSTRSNWNLRLQNLIKNDSGFYYCATWDR
A0A0A0MS03	TRBV5-3	GPGLLCWELLYLLGAGPVEAGVTQSPTHLIK;CSPISGHSSVSWYQQAPGQGPQFIFEYANELR;SEGNFPNR;QFHDYCSEMNVSALELGDSALYLCAR	>sp|A0A0A0MS03|TVB53_HUMAN Probable non-functional T cell receptor beta variable 5-3 OS=Homo sapiens OX=9606 GN=TRBV5-3 PE=1 SV=1	GPGLLCWELLYLLGAGPVEAGVTQSPTHLIK;GQQVTLR;CSPISGHSSVSWYQQAPGQGPQFIFEYANELR;SEGNFPNR;QFHDYCSEMNVSALELGDSALYLCAR	MGPGLLCWELLYLLGAGPVEAGVTQSPTHLIKTRGQQVTLRCSPISGHSSVSWYQQAPGQGPQFIFEYANELRRSEGNFPNRFSGRQFHDYCSEMNVSALELGDSALYLCARSL
A0A0A0MS04	TRBV6-7	SLGLLCCVAFSLLWAGPMNAGVTQTPK;TGQSMTLLCAQDMNHEYMYR;LIYYSVAAALTDK;SNTEDFPLK	>sp|A0A0A0MS04|TVB67_HUMAN Probable non-functional T cell receptor beta variable 6-7 OS=Homo sapiens OX=9606 GN=TRBV6-7 PE=1 SV=6	SLGLLCCVAFSLLWAGPMNAGVTQTPK;TGQSMTLLCAQDMNHEYMYR;LIYYSVAAALTDK;GEVPNGYNVSR;SNTEDFPLK;LESAAPSQTSVYFCASSY	MSLGLLCCVAFSLLWAGPMNAGVTQTPKFHVLKTGQSMTLLCAQDMNHEYMYRYRQDPGKGLRLIYYSVAAALTDKGEVPNGYNVSRSNTEDFPLKLESAAPSQTSVYFCASSY
A0A0A0MS05	TRBV5-7	GPGLLCWVLLCPLGEGPVDAGVTQSPTHLIK;GQHVTLR;CSPISGHTSVSSYQQALGQGPQFIFQYYEK;GNFPDQFSGHQFPNYSSELNVNALLLGDSALYLCASSL	>sp|A0A0A0MS05|TVB57_HUMAN Probable non-functional T cell receptor beta variable 5-7 OS=Homo sapiens OX=9606 GN=TRBV5-7 PE=1 SV=1	GPGLLCWVLLCPLGEGPVDAGVTQSPTHLIK;GQHVTLR;CSPISGHTSVSSYQQALGQGPQFIFQYYEK;GNFPDQFSGHQFPNYSSELNVNALLLGDSALYLCASSL	MGPGLLCWVLLCPLGEGPVDAGVTQSPTHLIKTRGQHVTLRCSPISGHTSVSSYQQALGQGPQFIFQYYEKEERGRGNFPDQFSGHQFPNYSSELNVNALLLGDSALYLCASSL
A0A0A0MS06	TRBV23-1	LLGCAALCLLAADSFHAK;VTQTPGHLVK;MDCTPEK;GHTFVYWYQQNQNK;EFMLLISFQNEQVLQETEMHK;FSSQCPK;NAPCSLAILSSEPGDTALYLCASSQ	>sp|A0A0A0MS06|TVB23_HUMAN Probable non-functional T cell receptor beta variable 23-1 OS=Homo sapiens OX=9606 GN=TRBV23-1 PE=1 SV=6	LLGCAALCLLAADSFHAK;VTQTPGHLVK;MDCTPEK;GHTFVYWYQQNQNK;EFMLLISFQNEQVLQETEMHK;FSSQCPK;NAPCSLAILSSEPGDTALYLCASSQ	MGTRLLGCAALCLLAADSFHAKVTQTPGHLVKGKGQKTKMDCTPEKGHTFVYWYQQNQNKEFMLLISFQNEQVLQETEMHKKRFSSQCPKNAPCSLAILSSEPGDTALYLCASSQ
A0A0A0MS14	IGHV1-45	ILFLVAAVTDAYSQMQLVQSGAEVK;ASGYTFTYR;QAPGQALEWMGWITPFNGNTNYAQK;SMSTAYMELSSLR;SEDTAMYYCAR	>sp|A0A0A0MS14|HV145_HUMAN Immunoglobulin heavy variable 1-45 OS=Homo sapiens OX=9606 GN=IGHV1-45 PE=3 SV=1	ILFLVAAVTDAYSQMQLVQSGAEVK;ASGYTFTYR;QAPGQALEWMGWITPFNGNTNYAQK;SMSTAYMELSSLR;SEDTAMYYCAR	MDWTWRILFLVAAVTDAYSQMQLVQSGAEVKKTGSSVKVSCKASGYTFTYRYLHWVRQAPGQALEWMGWITPFNGNTNYAQKFQDRVTITRDRSMSTAYMELSSLRSEDTAMYYCAR
A0A0A0MS15	IGHV3-49	LSCTASGFTFGDYAMSWVR;GLEWVGFIR;AYGGTTEYAASVK;SIAYLQMNSLK	>sp|A0A0A0MS15|HV349_HUMAN Immunoglobulin heavy variable 3-49 OS=Homo sapiens OX=9606 GN=IGHV3-49 PE=3 SV=1	EFGLSWVFLVAILK;GVQCEVQLVESGGGLVQPGR;LSCTASGFTFGDYAMSWVR;GLEWVGFIR;AYGGTTEYAASVK;SIAYLQMNSLK;TEDTAVYYCTR	MEFGLSWVFLVAILKGVQCEVQLVESGGGLVQPGRSLRLSCTASGFTFGDYAMSWVRQAPGKGLEWVGFIRSKAYGGTTEYAASVKGRFTISRDDSKSIAYLQMNSLKTEDTAVYYCTR
A0A0A0MT36	IGKV6D-21	SPSQLIGFLLLWVPASR;FSGSGSGTDFTLTINSLEAEDAAAYYCHQSSSLP	>sp|A0A0A0MT36|KVD21_HUMAN Immunoglobulin kappa variable 6D-21 OS=Homo sapiens OX=9606 GN=IGKV6D-21 PE=3 SV=1	SPSQLIGFLLLWVPASR;GEIVLTQSPDFQSVTPK;ASQSIGSSLHWYQQK;YASQSISGVPSR;FSGSGSGTDFTLTINSLEAEDAAAYYCHQSSSLP	MSPSQLIGFLLLWVPASRGEIVLTQSPDFQSVTPKEKVTITCRASQSIGSSLHWYQQKPDQSPKLLIKYASQSISGVPSRFSGSGSGTDFTLTINSLEAEDAAAYYCHQSSSLP
A0A0A0MT70	TRBJ2-6	SGANVLTFGAGSR	>sp|A0A0A0MT70|TJB26_HUMAN T cell receptor beta joining 2-6 OS=Homo sapiens OX=9606 GN=TRBJ2-6 PE=4 SV=2	SGANVLTFGAGSR	SGANVLTFGAGSRLTVL
A0A0A0MT76	IGLJ1		>sp|A0A0A0MT76|LJ01_HUMAN Immunoglobulin lambda joining 1 OS=Homo sapiens OX=9606 GN=IGLJ1 PE=4 SV=1	LLLQPSPQR;GFWSEPQSLCYVFGTGTK	PSRLLLQPSPQRADPRCWPRGFWSEPQSLCYVFGTGTKVTVL
